0.2297077349494474,-11.73245396176184,1.9000000000000001,1.2225000000000001
0.2532077349494486,-11.73292896176184,1.9000000000000001,1.2225000000000001
0.2812077349494473,-11.733103961761838,1.9000000000000001,1.2225000000000001
0.315207734949448,-11.733128961761839,1.9000000000000001,1.225
0.3492077349494487,-11.733128961761839,1.8975000000000002,1.225
0.37720773494944826,-11.733128961761839,1.8975000000000002,1.225
0.4007077349494468,-11.733128961761839,1.8975000000000002,1.225
0.42120773494944697,-11.733128961761839,1.8975000000000002,1.225
0.440207734949448,-11.733128961761839,1.8975000000000002,1.225
0.4592077349494481,-11.733128961761839,1.8975000000000002,1.225
0.4797077349494474,-11.733128961761839,1.8975000000000002,1.225
0.5032077349494486,-11.733128961761839,1.8975000000000002,1.225
0.5312077349494473,-11.733128961761839,1.8975000000000002,1.225
0.565207734949448,-11.733128961761839,1.8975000000000002,1.225
0.5992077349494469,-11.733128961761839,1.8975000000000002,1.225
0.6272077349494483,-11.733128961761839,1.8975000000000002,1.225
0.6507077349494468,-11.733128961761839,1.8975000000000002,1.225
0.671207734949447,-11.733128961761839,1.8975000000000002,1.225
0.690207734949448,-11.733128961761839,1.8975000000000002,1.225
0.7092077349494481,-11.733128961761839,1.8975000000000002,1.225
0.7297077349494492,-11.733128961761839,1.8975000000000002,1.225
0.7532077349494477,-11.733128961761839,1.8975000000000002,1.225
0.7812077349494473,-11.733128961761839,1.8975000000000002,1.225
0.815207734949448,-11.733128961761839,1.8975000000000002,1.225
0.8492077349494469,-11.733128961761839,1.8975000000000002,1.225
0.8772077349494483,-11.733128961761839,1.8975000000000002,1.225
0.9007077349494486,-11.733128961761839,1.8975000000000002,1.225
0.9212077349494479,-11.733128961761839,1.8975000000000002,1.225
0.940207734949448,-11.733128961761839,1.8975000000000002,1.225
0.9592077349494481,-11.733128961761839,1.8975000000000002,1.225
0.9797077349494492,-11.733128961761839,1.8975000000000002,1.225
1.0032077349494477,-11.733128961761839,1.8975000000000002,1.225
1.0312077349494473,-11.733128961761839,1.8975000000000002,1.225
1.065207734949448,-11.733128961761839,1.8975000000000002,1.225
1.099207734949447,-11.733128961761839,1.8975000000000002,1.225
1.1272077349494474,-11.733128961761839,1.8975000000000002,1.225
1.1507077349494486,-11.733128961761839,1.8975000000000002,1.225
1.1712077349494479,-11.73312896176184,1.8975000000000002,1.225
1.190207734949448,-11.733128961761839,1.8975000000000002,1.225
1.209207734949448,-11.73312896176184,1.8975000000000002,1.225
1.2297077349494474,-11.733128961761839,1.8975000000000002,1.225
1.2532077349494477,-11.733128961761839,1.8975000000000002,1.225
1.2812077349494473,-11.733128961761839,1.8975000000000002,1.225
1.315207734949448,-11.733128961761839,1.8975000000000002,1.225
1.349207734949447,-11.733128961761839,1.8975000000000002,1.225
1.3772077349494474,-11.733128961761839,1.8975000000000002,1.225
1.4007077349494486,-11.733128961761839,1.8975000000000002,1.225
1.4212077349494479,-11.73312896176184,1.8975000000000002,1.225
1.440207734949448,-11.733128961761839,1.8975000000000002,1.225
1.459207734949449,-11.73312896176184,1.8975000000000002,1.225
1.4797077349494492,-11.733128961761839,1.8975000000000002,1.225
1.5032077349494477,-11.733128961761839,1.8975000000000002,1.225
1.5312077349494473,-11.733128961761839,1.8975000000000002,1.225
1.565207734949448,-11.733128961761839,1.8975000000000002,1.225
1.5992077349494487,-11.733128961761839,1.8975000000000002,1.225
1.6272077349494491,-11.733128961761839,1.8975000000000002,1.225
1.6507077349494477,-11.733128961761839,1.8975000000000002,1.225
1.6712077349494479,-11.73312896176184,1.8975000000000002,1.225
1.690207734949448,-11.733128961761839,1.8975000000000002,1.225
1.709207734949448,-11.73312896176184,1.8975000000000002,1.225
1.7297077349494483,-11.733128961761839,1.8975000000000002,1.225
1.7532077349494468,-11.733128961761839,1.8975000000000002,1.225
1.7812077349494473,-11.733128961761839,1.8975000000000002,1.225
1.815207734949448,-11.733128961761839,1.8975000000000002,1.225
1.8492077349494487,-11.733128961761839,1.8975000000000002,1.225
1.8772077349494474,-11.733128961761839,1.8975000000000002,1.225
1.9007077349494477,-11.733128961761839,1.8975000000000002,1.225
1.9212077349494479,-11.73312896176184,1.8975000000000002,1.225
1.940207734949448,-11.733128961761839,1.8975000000000002,1.225
1.9592077349494499,-11.73312896176184,1.8975000000000002,1.225
1.9797077349494483,-11.733128961761839,1.8975000000000002,1.225
2.003207734949447,-11.733128961761839,1.8975000000000002,1.225
2.0312077349494473,-11.733128961761839,1.8975000000000002,1.225
2.065207734949448,-11.733128961761839,1.8975000000000002,1.225
2.0992077349494487,-11.733128961761839,1.8975000000000002,1.225
2.127207734949449,-11.733128961761839,1.8975000000000002,1.225
2.1507077349494494,-11.733128961761835,1.9000000000000001,1.2225000000000001
2.171207734949448,-11.73312896176184,1.8975000000000002,1.225
2.190207734949448,-11.733128961761839,1.8975000000000002,1.225
2.209207734949448,-11.73312896176184,1.8975000000000002,1.225
2.2297077349494465,-11.733128961761839,1.8975000000000002,1.225
2.2532077349494486,-11.733128961761839,1.8975000000000002,1.225
2.2812077349494473,-11.733128961761839,1.8975000000000002,1.225
2.315207734949448,-11.733128961761839,1.8975000000000002,1.225
2.3492077349494487,-11.733128961761839,1.8975000000000002,1.225
2.3772077349494474,-11.733128961761839,1.8975000000000002,1.225
2.4007077349494477,-11.733128961761835,1.9000000000000001,1.2225000000000001
2.421207734949446,-11.73312896176184,1.8975000000000002,1.225
2.440207734949448,-11.733128961761839,1.8975000000000002,1.225
2.459207734949448,-11.73312896176184,1.8975000000000002,1.225
2.4797077349494483,-11.733128961761839,1.8975000000000002,1.225
2.503207734949447,-11.733128961761839,1.8975000000000002,1.225
2.5312077349494473,-11.733128961761839,1.8975000000000002,1.225
2.565207734949448,-11.733128961761839,1.8975000000000002,1.225
2.5992077349494487,-11.733128961761839,1.8975000000000002,1.225
2.6272077349494474,-11.733128961761839,1.8975000000000002,1.225
2.6507077349494477,-11.733128961761835,1.9000000000000001,1.2225000000000001
2.6712077349494496,-11.73312896176184,1.8975000000000002,1.225
2.690207734949448,-11.733128961761839,1.8975000000000002,1.225
2.709207734949448,-11.73312896176184,1.8975000000000002,1.225
2.7297077349494483,-11.733128961761839,1.8975000000000002,1.225
2.753207734949447,-11.733128961761839,1.8975000000000002,1.225
2.7812077349494473,-11.733128961761839,1.8975000000000002,1.225
2.815207734949448,-11.733128961761839,1.8975000000000002,1.225
2.8492077349494487,-11.733128961761839,1.8975000000000002,1.225
2.8772077349494474,-11.733128961761839,1.8975000000000002,1.225
2.9007077349494477,-11.733128961761835,1.9000000000000001,1.2225000000000001
2.921207734949448,-11.73312896176184,1.8975000000000002,1.225
2.940207734949448,-11.733128961761839,1.8975000000000002,1.225
2.95920773494945,-11.73312896176184,1.8975000000000002,1.225
2.9797077349494483,-11.733128961761839,1.8975000000000002,1.225
3.003207734949447,-11.733128961761839,1.8975000000000002,1.225
3.0312077349494473,-11.733128961761839,1.8975000000000002,1.225
3.065207734949448,-11.733128961761839,1.8975000000000002,1.225
3.099207734949447,-11.733128961761839,1.8975000000000002,1.225
3.127207734949449,-11.733128961761839,1.8975000000000002,1.225
3.1507077349494494,-11.733128961761835,1.9000000000000001,1.2225000000000001
3.171207734949448,-11.73312896176184,1.8975000000000002,1.225
3.190207734949448,-11.733128961761839,1.8975000000000002,1.225
3.20920773494945,-11.73312896176184,1.8975000000000002,1.225
3.2297077349494465,-11.733128961761839,1.8975000000000002,1.225
3.2532077349494486,-11.733128961761839,1.8975000000000002,1.225
3.2812077349494473,-11.733128961761839,1.8975000000000002,1.225
3.315207734949448,-11.733128961761839,1.8975000000000002,1.225
3.3492077349494487,-11.733128961761839,1.8975000000000002,1.225
3.3772077349494474,-11.733128961761839,1.8975000000000002,1.225
3.4007077349494494,-11.733128961761835,1.9000000000000001,1.2225000000000001
3.421207734949448,-11.73312896176184,1.8975000000000002,1.225
3.440207734949448,-11.733128961761839,1.8975000000000002,1.225
3.45920773494945,-11.73312896176184,1.8975000000000002,1.225
3.47970773494945,-11.733128961761839,1.8975000000000002,1.225
3.5032077349494486,-11.733128961761839,1.8975000000000002,1.225
3.5312077349494473,-11.733128961761839,1.8975000000000002,1.225
3.565207734949448,-11.733128961761839,1.8975000000000002,1.225
3.5992077349494487,-11.733128961761839,1.8975000000000002,1.225
3.6272077349494474,-11.733128961761839,1.8975000000000002,1.225
3.6507077349494494,-11.733128961761835,1.9000000000000001,1.2225000000000001
3.671207734949448,-11.73312896176184,1.8975000000000002,1.225
3.690207734949448,-11.733128961761839,1.8975000000000002,1.225
3.7092077349494463,-11.73312896176184,1.8975000000000002,1.225
3.7297077349494483,-11.733128961761839,1.8975000000000002,1.225
3.7532077349494486,-11.733128961761839,1.8975000000000002,1.225
3.7812077349494473,-11.733128961761839,1.8975000000000002,1.225
3.815207734949448,-11.733128961761839,1.8975000000000002,1.225
3.8492077349494487,-11.733128961761839,1.8975000000000002,1.225
3.8772077349494456,-11.733128961761839,1.8975000000000002,1.225
3.9007077349494477,-11.733128961761835,1.9000000000000001,1.2225000000000001
3.921207734949448,-11.73312896176184,1.8975000000000002,1.225
3.940207734949448,-11.733128961761839,1.8975000000000002,1.225
3.95920773494945,-11.73312896176184,1.8975000000000002,1.225
3.97970773494945,-11.733128961761839,1.8975000000000002,1.225
4.003207734949449,-11.733128961761839,1.8975000000000002,1.225
4.031207734949449,-11.733128961761839,1.8975000000000002,1.225
4.065207734949448,-11.733128961761839,1.8975000000000002,1.225
4.099207734949449,-11.733128961761839,1.8975000000000002,1.225
4.127207734949449,-11.733128961761839,1.8975000000000002,1.225
4.150707734949448,-11.733128961761835,1.9000000000000001,1.2225000000000001
4.171207734949448,-11.73312896176184,1.8975000000000002,1.225
4.190207734949448,-11.733128961761839,1.8975000000000002,1.225
4.209207734949448,-11.733128961761839,1.8975000000000002,1.225
4.2297077349494465,-11.733128961761839,1.8975000000000002,1.225
4.253207734949449,-11.733128961761839,1.8975000000000002,1.225
4.281207734949447,-11.733128961761835,1.9000000000000001,1.2225000000000001
4.315207734949448,-11.733128961761839,1.8975000000000002,1.225
4.3492077349494505,-11.733128961761839,1.8975000000000002,1.225
4.377207734949447,-11.733128961761839,1.8975000000000002,1.225
4.4007077349494494,-11.733128961761835,1.9000000000000001,1.2225000000000001
4.421207734949448,-11.73312896176184,1.8975000000000002,1.225
4.440207734949448,-11.733128961761839,1.8975000000000002,1.225
4.459207734949448,-11.733128961761839,1.8975000000000002,1.225
4.4797077349494465,-11.733128961761839,1.8975000000000002,1.225
4.503207734949449,-11.733128961761839,1.8975000000000002,1.225
4.531207734949447,-11.733128961761835,1.9000000000000001,1.2225000000000001
4.565207734949448,-11.733128961761839,1.8975000000000002,1.225
4.599207734949449,-11.733128961761839,1.8975000000000002,1.225
4.627207734949449,-11.733128961761839,1.8975000000000002,1.225
4.6507077349494494,-11.733128961761835,1.9000000000000001,1.2225000000000001
4.671207734949448,-11.73312896176184,1.8975000000000002,1.225
4.690207734949448,-11.733128961761839,1.8975000000000002,1.225
4.70920773494945,-11.733128961761839,1.8975000000000002,1.225
4.72970773494945,-11.733128961761839,1.8975000000000002,1.225
4.753207734949449,-11.733128961761839,1.8975000000000002,1.225
4.781207734949447,-11.733128961761835,1.9000000000000001,1.2225000000000001
4.815207734949448,-11.733128961761839,1.8975000000000002,1.225
4.849207734949449,-11.733128961761839,1.8975000000000002,1.225
4.877207734949447,-11.733128961761839,1.8975000000000002,1.225
4.9007077349494494,-11.733128961761835,1.9000000000000001,1.2225000000000001
4.921207734949448,-11.73312896176184,1.8975000000000002,1.225
4.940207734949448,-11.733128961761839,1.8975000000000002,1.225
4.959207734949448,-11.733128961761839,1.8975000000000002,1.225
4.97970773494945,-11.733128961761839,1.8975000000000002,1.225
5.003207734949449,-11.733128961761839,1.8975000000000002,1.225
5.031207734949447,-11.733128961761835,1.9000000000000001,1.2225000000000001
5.065207734949448,-11.733128961761839,1.8975000000000002,1.225
5.099207734949449,-11.733128961761839,1.8975000000000002,1.225
5.127207734949447,-11.733128961761839,1.8975000000000002,1.225
5.1507077349494494,-11.733128961761835,1.9000000000000001,1.2225000000000001
5.171207734949448,-11.73312896176184,1.8975000000000002,1.225
5.190207734949448,-11.733128961761839,1.8975000000000002,1.225
5.20920773494945,-11.733128961761839,1.8975000000000002,1.225
5.22970773494945,-11.733128961761839,1.8975000000000002,1.225
5.253207734949449,-11.733128961761839,1.8975000000000002,1.225
5.281207734949447,-11.733128961761835,1.9000000000000001,1.2225000000000001
5.315207734949448,-11.733128961761839,1.8975000000000002,1.225
5.349207734949449,-11.733128961761839,1.8975000000000002,1.225
5.377207734949449,-11.733128961761839,1.8975000000000002,1.225
5.400707734949448,-11.733128961761835,1.9000000000000001,1.2225000000000001
5.421207734949448,-11.73312896176184,1.8975000000000002,1.225
5.440207734949448,-11.733128961761839,1.8975000000000002,1.225
5.459207734949448,-11.733128961761839,1.8975000000000002,1.225
5.479707734949448,-11.733128961761839,1.8975000000000002,1.225
5.503207734949449,-11.733128961761839,1.8975000000000002,1.225
5.531207734949447,-11.733128961761835,1.9000000000000001,1.2225000000000001
5.565207734949448,-11.733128961761839,1.8975000000000002,1.225
5.5992077349494505,-11.733128961761839,1.8975000000000002,1.225
5.627207734949447,-11.733128961761839,1.8975000000000002,1.225
5.6507077349494494,-11.733128961761835,1.9000000000000001,1.2225000000000001
5.671207734949448,-11.73312896176184,1.8975000000000002,1.225
5.690207734949448,-11.733128961761839,1.8975000000000002,1.225
5.709207734949448,-11.733128961761839,1.8975000000000002,1.225
5.7297077349494465,-11.733128961761839,1.8975000000000002,1.225
5.753207734949449,-11.733128961761839,1.8975000000000002,1.225
5.781207734949447,-11.733128961761835,1.9000000000000001,1.2225000000000001
5.815207734949448,-11.733128961761839,1.8975000000000002,1.225
5.8492077349494505,-11.733128961761839,1.8975000000000002,1.225
5.877207734949447,-11.733128961761839,1.8975000000000002,1.225
5.9007077349494494,-11.733128961761835,1.9000000000000001,1.2225000000000001
5.92120773494945,-11.73312896176184,1.8975000000000002,1.225
5.940207734949448,-11.733128961761839,1.8975000000000002,1.225
5.959207734949452,-11.733128961761839,1.8975000000000002,1.225
5.97970773494945,-11.733128961761839,1.8975000000000002,1.225
6.003207734949449,-11.733128961761839,1.8975000000000002,1.225
6.031207734949447,-11.733128961761835,1.9000000000000001,1.2225000000000001
6.065207734949448,-11.733128961761839,1.8975000000000002,1.225
6.099207734949449,-11.733128961761839,1.8975000000000002,1.225
6.127207734949449,-11.733128961761839,1.8975000000000002,1.225
6.1507077349494494,-11.733128961761835,1.9000000000000001,1.2225000000000001
6.171207734949448,-11.73312896176184,1.8975000000000002,1.225
6.190207734949448,-11.733128961761839,1.8975000000000002,1.225
6.20920773494945,-11.733128961761839,1.8975000000000002,1.225
6.229707734949448,-11.733128961761839,1.8975000000000002,1.225
6.253207734949449,-11.733128961761839,1.8975000000000002,1.225
6.281207734949447,-11.733128961761835,1.9000000000000001,1.2225000000000001
6.315207734949448,-11.733128961761839,1.8975000000000002,1.225
6.349207734949449,-11.733128961761839,1.8975000000000002,1.225
6.377207734949449,-11.733128961761839,1.8975000000000002,1.225
6.4007077349494494,-11.733128961761835,1.9000000000000001,1.2225000000000001
6.421207734949446,-11.73312896176184,1.8975000000000002,1.225
6.440207734949448,-11.733128961761839,1.8975000000000002,1.225
6.459207734949448,-11.733128961761839,1.8975000000000002,1.225
6.4797077349494465,-11.733128961761839,1.8975000000000002,1.225
6.503207734949449,-11.733128961761839,1.8975000000000002,1.225
6.5312077349494455,-11.733128961761835,1.9000000000000001,1.2225000000000001
6.565207734949448,-11.733128961761839,1.8975000000000002,1.225
6.599207734949449,-11.733128961761839,1.8975000000000002,1.225
6.627207734949446,-11.733128961761839,1.8975000000000002,1.225
6.6507077349494494,-11.733128961761835,1.9000000000000001,1.2225000000000001
6.671207734949448,-11.73312896176184,1.8975000000000002,1.225
6.690207734949448,-11.733128961761839,1.8975000000000002,1.225
6.709207734949448,-11.733128961761839,1.8975000000000002,1.225
6.72970773494945,-11.733128961761839,1.8975000000000002,1.225
6.753207734949449,-11.733128961761839,1.8975000000000002,1.225
6.7812077349494455,-11.733128961761835,1.9000000000000001,1.2225000000000001
6.815207734949448,-11.733128961761839,1.8975000000000002,1.225
6.849207734949449,-11.733128961761839,1.8975000000000002,1.225
6.877207734949449,-11.733128961761839,1.8975000000000002,1.225
6.900707734949448,-11.733128961761835,1.9000000000000001,1.2225000000000001
6.921207734949448,-11.73312896176184,1.8975000000000002,1.225
6.940207734949448,-11.733128961761839,1.8975000000000002,1.225
6.959207734949452,-11.733128961761839,1.8975000000000002,1.225
6.97970773494945,-11.733128961761839,1.8975000000000002,1.225
7.003207734949449,-11.733128961761839,1.8975000000000002,1.225
7.031207734949447,-11.733128961761835,1.9000000000000001,1.2225000000000001
7.065207734949448,-11.733128961761839,1.8975000000000002,1.225
7.099207734949449,-11.733128961761839,1.8975000000000002,1.225
7.127207734949446,-11.733128961761839,1.8975000000000002,1.225
7.150707734949448,-11.733128961761835,1.9000000000000001,1.2225000000000001
7.171207734949448,-11.73312896176184,1.8975000000000002,1.225
7.190207734949448,-11.733128961761839,1.8975000000000002,1.225
7.209207734949448,-11.733128961761839,1.8975000000000002,1.225
7.2297077349494465,-11.733128961761839,1.8975000000000002,1.225
7.253207734949449,-11.733128961761839,1.8975000000000002,1.225
7.281207734949447,-11.733128961761835,1.9000000000000001,1.2225000000000001
7.315207734949448,-11.733128961761839,1.8975000000000002,1.225
7.349207734949449,-11.733128961761839,1.8975000000000002,1.225
7.377207734949446,-11.733128961761839,1.8975000000000002,1.225
7.4007077349494494,-11.733128961761835,1.9000000000000001,1.2225000000000001
7.421207734949451,-11.73312896176184,1.8975000000000002,1.225
7.440207734949448,-11.733128961761839,1.8975000000000002,1.225
7.459207734949448,-11.733128961761839,1.8975000000000002,1.225
7.47970773494945,-11.733128961761839,1.8975000000000002,1.225
7.503207734949449,-11.733128961761839,1.8975000000000002,1.225
7.531207734949447,-11.733128961761835,1.9000000000000001,1.2225000000000001
7.565207734949448,-11.733128961761839,1.8975000000000002,1.225
7.599207734949449,-11.733128961761839,1.8975000000000002,1.225
7.627207734949449,-11.733128961761839,1.8975000000000002,1.225
7.6507077349494494,-11.733128961761835,1.9000000000000001,1.2225000000000001
7.671207734949448,-11.73312896176184,1.8975000000000002,1.225
7.690207734949448,-11.733128961761839,1.8975000000000002,1.225
7.709207734949448,-11.733128961761839,1.8975000000000002,1.225
7.72970773494945,-11.733128961761839,1.8975000000000002,1.225
7.753207734949449,-11.733128961761839,1.8975000000000002,1.225
7.781207734949447,-11.733128961761835,1.9000000000000001,1.2225000000000001
7.815207734949448,-11.733128961761839,1.8975000000000002,1.225
7.849207734949449,-11.733128961761839,1.8975000000000002,1.225
8.678407734949449,-11.427128961761838,2.6025000000000005,1.2325000000000002
8.740732734949447,-11.368628961761837,2.3350000000000004,1.2325000000000002
8.841682734949451,-11.249128961761835,1.9700000000000004,1.2275
9.040807734949448,-10.889128961761838,1.4425000000000001,1.2350000000000003
9.07740773494945,-10.721128961761838,1.3600000000000003,1.2325000000000002
9.08163273494945,-10.697628961761836,1.35,1.2325000000000002
9.090207734949452,-10.471128961761835,1.3225000000000002,1.225
9.090207734949448,-10.44762896176184,1.3225000000000002,1.225
9.090207734949448,-10.427128961761838,1.3225000000000002,1.225
9.090207734949448,-10.408128961761838,1.3225000000000002,1.225
9.090207734949448,-10.389128961761838,1.3225000000000002,1.225
9.090207734949448,-10.368628961761836,1.3225000000000002,1.225
9.090207734949448,-10.345128961761837,1.3225000000000002,1.225
9.090207734949448,-10.317128961761838,1.3225000000000002,1.225
9.090207734949448,-10.283128961761838,1.3225000000000002,1.225
9.090207734949448,-10.249128961761834,1.3225000000000002,1.225
9.090207734949452,-10.221128961761838,1.3225000000000002,1.225
9.090207734949448,-10.19762896176184,1.3225000000000002,1.225
9.090207734949448,-10.177128961761838,1.3225000000000002,1.225
9.090207734949448,-10.158128961761838,1.3225000000000002,1.225
9.090207734949448,-10.139128961761838,1.3225000000000002,1.225
9.090207734949448,-10.118628961761836,1.3225000000000002,1.225
9.090207734949448,-10.09512896176184,1.3225000000000002,1.225
9.090207734949448,-10.067128961761838,1.3225000000000002,1.225
9.090207734949448,-10.033128961761838,1.3225000000000002,1.225
9.090207734949448,-9.999128961761837,1.3225000000000002,1.225
9.090207734949452,-9.971128961761838,1.3225000000000002,1.225
9.090207734949448,-9.94762896176184,1.3225000000000002,1.225
9.090207734949448,-9.927128961761836,1.3225000000000002,1.225
9.090207734949448,-9.908128961761838,1.3225000000000002,1.225
9.090207734949448,-9.889128961761838,1.3225000000000002,1.225
9.090207734949448,-9.868628961761836,1.3225000000000002,1.225
9.090207734949448,-9.845128961761837,1.3225000000000002,1.225
9.090207734949448,-9.817128961761837,1.3225000000000002,1.225
9.090207734949448,-9.783128961761838,1.3225000000000002,1.225
9.090207734949448,-9.749128961761837,1.3225000000000002,1.225
9.090207734949452,-9.721128961761838,1.3225000000000002,1.225
9.090207734949448,-9.69762896176184,1.3225000000000002,1.225
9.090207734949448,-9.677128961761838,1.3225000000000002,1.225
9.090207734949448,-9.658128961761838,1.3225000000000002,1.225
9.090207734949448,-9.639128961761838,1.3225000000000002,1.225
9.090207734949448,-9.618628961761836,1.3225000000000002,1.225
9.090207734949448,-9.595128961761837,1.3225000000000002,1.225
9.090207734949448,-9.567128961761838,1.3225000000000002,1.225
9.090207734949448,-9.533128961761838,1.3225000000000002,1.225
9.090207734949448,-9.499128961761837,1.3225000000000002,1.225
9.090207734949452,-9.471128961761838,1.3225000000000002,1.225
9.090207734949448,-9.44762896176184,1.3225000000000002,1.225
9.090207734949448,-9.427128961761838,1.3225000000000002,1.225
9.090207734949448,-9.408128961761838,1.3225000000000002,1.225
9.090207734949448,-9.389128961761838,1.3225000000000002,1.225
9.090207734949448,-9.36862896176184,1.3225000000000002,1.225
9.090207734949448,-9.345128961761837,1.3225000000000002,1.225
9.090207734949448,-9.317128961761838,1.3225000000000002,1.225
9.090207734949448,-9.283128961761838,1.3225000000000002,1.225
9.090207734949448,-9.249128961761837,1.3225000000000002,1.225
9.090207734949452,-9.221128961761838,1.3225000000000002,1.225
9.090207734949448,-9.19762896176184,1.3225000000000002,1.225
9.090207734949448,-9.177128961761838,1.3225000000000002,1.225
9.090207734949448,-9.158128961761838,1.3225000000000002,1.225
9.090207734949448,-9.139128961761838,1.3225000000000002,1.225
9.090207734949448,-9.11862896176184,1.3225000000000002,1.225
9.090207734949448,-9.095128961761837,1.3225000000000002,1.225
9.090207734949448,-9.067128961761838,1.3225000000000002,1.225
9.090207734949448,-9.033128961761838,1.3225000000000002,1.225
9.090207734949448,-8.999128961761837,1.3225000000000002,1.225
9.090207734949452,-8.971128961761838,1.3225000000000002,1.225
9.090207734949448,-8.947628961761836,1.3225000000000002,1.225
9.090207734949448,-8.927128961761838,1.3225000000000002,1.225
9.090207734949448,-8.908128961761838,1.3225000000000002,1.225
9.090207734949448,-8.889128961761838,1.3225000000000002,1.225
9.090207734949448,-8.868628961761836,1.3225000000000002,1.225
9.090207734949448,-8.845128961761837,1.3225000000000002,1.225
9.090207734949448,-8.817128961761838,1.3225000000000002,1.225
9.090207734949448,-8.783128961761838,1.3225000000000002,1.225
9.090207734949448,-8.749128961761837,1.3225000000000002,1.225
9.090207734949452,-8.721128961761838,1.3225000000000002,1.225
9.090207734949448,-8.69762896176184,1.3225000000000002,1.225
9.090207734949448,-8.677128961761838,1.3225000000000002,1.225
9.090207734949448,-8.658128961761838,1.3225000000000002,1.225
9.090207734949448,-8.639128961761838,1.3225000000000002,1.225
9.090207734949448,-8.61862896176184,1.3225000000000002,1.225
9.090207734949448,-8.59512896176184,1.3225000000000002,1.225
9.090207734949448,-8.567128961761838,1.3225000000000002,1.225
9.090207734949448,-8.533128961761838,1.3225000000000002,1.225
9.090207734949448,-8.499128961761837,1.3225000000000002,1.225
9.090207734949452,-8.471128961761838,1.3225000000000002,1.225
9.090207734949448,-8.44762896176184,1.3225000000000002,1.225
9.090207734949448,-8.427128961761838,1.3225000000000002,1.225
9.090207734949448,-8.408128961761838,1.3225000000000002,1.225
9.090207734949448,-8.389128961761838,1.3225000000000002,1.225
9.090207734949448,-8.368628961761836,1.3225000000000002,1.225
9.090207734949448,-8.345128961761837,1.3225000000000002,1.225
9.090207734949448,-8.317128961761838,1.3225000000000002,1.225
9.090207734949448,-8.283128961761838,1.3225000000000002,1.225
9.090207734949448,-8.249128961761837,1.3225000000000002,1.225
9.090207734949452,-8.221128961761838,1.3225000000000002,1.225
9.090207734949448,-8.197628961761836,1.3225000000000002,1.225
9.090207734949448,-8.177128961761838,1.3225000000000002,1.225
9.090207734949448,-8.158128961761838,1.3225000000000002,1.225
9.090207734949448,-8.13912896176184,1.3225000000000002,1.225
9.090207734949448,-8.118628961761836,1.3225000000000002,1.225
9.090207734949448,-8.095128961761837,1.3225000000000002,1.225
9.090207734949448,-8.067128961761838,1.3225000000000002,1.225
9.090207734949448,-8.033128961761838,1.3225000000000002,1.225
9.090207734949448,-7.999128961761837,1.3225000000000002,1.225
9.090207734949452,-7.971128961761838,1.3225000000000002,1.225
9.090207734949448,-7.94762896176184,1.3225000000000002,1.225
9.090207734949448,-7.927128961761838,1.3225000000000002,1.225
9.090207734949448,-7.908128961761838,1.3225000000000002,1.225
9.090207734949448,-7.889128961761838,1.3225000000000002,1.225
9.090207734949448,-7.868628961761837,1.3225000000000002,1.225
9.090207734949448,-7.84512896176184,1.3225000000000002,1.225
9.090207734949448,-7.8171289617618385,1.3225000000000002,1.225
9.090207734949448,-7.783128961761838,1.3225000000000002,1.225
9.090207734949448,-7.749128961761836,1.3225000000000002,1.225
9.090207734949452,-7.7211289617618375,1.3225000000000002,1.225
9.090207734949448,-7.697628961761837,1.3225000000000002,1.225
9.090207734949448,-7.677128961761838,1.3225000000000002,1.225
9.090207734949448,-7.658128961761838,1.3225000000000002,1.225
9.090207734949448,-7.639128961761835,1.3225000000000002,1.225
9.090207734949448,-7.618628961761837,1.3225000000000002,1.225
9.090207734949448,-7.59512896176184,1.3225000000000002,1.225
9.090207734949448,-7.5671289617618385,1.3225000000000002,1.225
9.090207734949448,-7.533128961761838,1.3225000000000002,1.225
9.090207734949448,-7.499128961761836,1.3225000000000002,1.225
9.090207734949452,-7.4711289617618375,1.3225000000000002,1.225
9.090207734949448,-7.447628961761839,1.3225000000000002,1.225
9.090207734949448,-7.427128961761838,1.3225000000000002,1.225
9.090207734949448,-7.408128961761838,1.3225000000000002,1.225
9.090207734949448,-7.389128961761837,1.3225000000000002,1.225
9.090207734949448,-7.368628961761838,1.3225000000000002,1.225
9.090207734949448,-7.345128961761838,1.3225000000000002,1.225
9.090207734949448,-7.3171289617618385,1.3225000000000002,1.225
9.090207734949448,-7.283128961761838,1.3225000000000002,1.225
9.090207734949448,-7.249128961761837,1.3225000000000002,1.225
9.090207734949452,-7.2211289617618375,1.3225000000000002,1.225
9.090207734949448,-7.197628961761839,1.3225000000000002,1.225
9.090207734949448,-7.177128961761838,1.3225000000000002,1.225
9.090207734949448,-7.158128961761838,1.3225000000000002,1.225
9.090207734949448,-7.139128961761838,1.3225000000000002,1.225
9.090207734949448,-7.118628961761837,1.3225000000000002,1.225
9.090207734949448,-7.09512896176184,1.3225000000000002,1.225
9.090207734949448,-7.0671289617618385,1.3225000000000002,1.225
9.090207734949448,-7.033128961761838,1.3225000000000002,1.225
9.090207734949448,-6.999128961761837,1.3225000000000002,1.225
9.090207734949452,-6.9711289617618375,1.3225000000000002,1.225
9.090207734949448,-6.947628961761839,1.3225000000000002,1.225
9.090207734949448,-6.927128961761838,1.3225000000000002,1.225
9.090207734949448,-6.908128961761838,1.3225000000000002,1.225
9.090207734949448,-6.889128961761838,1.3225000000000002,1.225
9.090207734949448,-6.868628961761837,1.3225000000000002,1.225
9.090207734949448,-6.845128961761838,1.3225000000000002,1.225
9.090207734949448,-6.817128961761837,1.3225000000000002,1.225
9.090207734949448,-6.783128961761838,1.3225000000000002,1.225
9.090207734949448,-6.749128961761837,1.3225000000000002,1.225
9.090207734949452,-6.7211289617618375,1.3225000000000002,1.225
9.090207734949448,-6.697628961761839,1.3225000000000002,1.225
9.090207734949448,-6.677128961761841,1.3225000000000002,1.225
9.090207734949448,-6.658128961761838,1.3225000000000002,1.225
9.090207734949448,-6.639128961761838,1.3225000000000002,1.225
9.090207734949448,-6.618628961761837,1.3225000000000002,1.225
9.090207734949448,-6.595128961761838,1.3225000000000002,1.225
9.090207734949448,-6.567128961761837,1.3225000000000002,1.225
9.090207734949448,-6.533128961761838,1.3225000000000002,1.225
9.090207734949448,-6.499128961761837,1.3225000000000002,1.225
9.090207734949452,-6.4711289617618375,1.3225000000000002,1.225
9.090207734949448,-6.447628961761837,1.3225000000000002,1.225
9.090207734949448,-6.42712896176184,1.3225000000000002,1.225
9.090207734949448,-6.408128961761838,1.3225000000000002,1.225
9.090207734949448,-6.389128961761838,1.3225000000000002,1.225
9.090207734949448,-6.3686289617618375,1.3225000000000002,1.225
8.754707734949449,-5.448303961761837,2.3850000000000002,1.2775
8.734207734949448,-5.428728961761838,2.455,1.2700000000000002
8.675707734949448,-5.377203961761836,2.7200000000000006,1.2650000000000001
8.65220773494945,-5.3579289617618375,2.7950000000000004,1.2475000000000003
8.446207734949446,-5.203728961761838,2.2800000000000002,1.25
8.306207734949448,-5.144553961761838,2.1100000000000003,1.25
8.278207734949447,-5.133528961761838,2.0900000000000003,1.2575000000000003
8.254707734949449,-5.124603961761837,2.0675000000000003,1.2600000000000002
8.056207734949448,-5.076353961761837,1.9275000000000002,1.2550000000000001
8.02820773494945,-5.0709289617618385,1.9200000000000004,1.2575000000000003
8.004707734949449,-5.06670396176184,1.9100000000000001,1.2575000000000003
7.778207734949451,-5.05812896176184,1.875,1.2475000000000003
7.754707734949449,-5.05812896176184,1.875,1.2475000000000003
7.7342077349494485,-5.05812896176184,1.875,1.2475000000000003
7.715207734949448,-5.058128961761838,1.875,1.2475000000000003
7.696207734949448,-5.058128961761838,1.875,1.2475000000000003
7.675707734949448,-5.058128961761838,1.875,1.2475000000000003
7.6522077349494495,-5.058128961761838,1.875,1.2475000000000003
7.624207734949449,-5.058128961761838,1.875,1.2475000000000003
7.590207734949448,-5.058128961761838,1.875,1.2475000000000003
7.556207734949448,-5.058128961761838,1.875,1.2475000000000003
7.528207734949447,-5.05812896176184,1.875,1.2475000000000003
7.504707734949449,-5.05812896176184,1.875,1.2475000000000003
7.4842077349494485,-5.05812896176184,1.875,1.2475000000000003
7.465207734949448,-5.058128961761838,1.875,1.2475000000000003
7.446207734949448,-5.058128961761838,1.875,1.2475000000000003
7.42570773494945,-5.058128961761838,1.875,1.2475000000000003
7.4022077349494495,-5.058128961761838,1.875,1.2475000000000003
7.374207734949449,-5.058128961761838,1.875,1.2475000000000003
7.340207734949448,-5.058128961761838,1.875,1.2475000000000003
7.306207734949451,-5.058128961761838,1.875,1.2475000000000003
7.278207734949447,-5.05812896176184,1.875,1.2475000000000003
7.254707734949449,-5.05812896176184,1.875,1.2475000000000003
7.234207734949445,-5.058128961761836,1.8725000000000003,1.25
7.215207734949448,-5.058128961761838,1.875,1.2475000000000003
7.196207734949448,-5.058128961761838,1.875,1.2475000000000003
7.175707734949448,-5.058128961761838,1.875,1.2475000000000003
7.1522077349494495,-5.058128961761838,1.875,1.2475000000000003
7.1242077349494455,-5.058128961761838,1.875,1.2475000000000003
7.090207734949448,-5.058128961761838,1.875,1.2475000000000003
7.056207734949451,-5.058128961761838,1.875,1.2475000000000003
7.028207734949447,-5.05812896176184,1.875,1.2475000000000003
7.004707734949447,-5.05812896176184,1.875,1.2475000000000003
6.9842077349494485,-5.058128961761836,1.8725000000000003,1.25
6.965207734949448,-5.058128961761838,1.875,1.2475000000000003
6.946207734949448,-5.058128961761838,1.875,1.2475000000000003
6.925707734949448,-5.058128961761838,1.875,1.2475000000000003
6.9022077349494495,-5.058128961761838,1.875,1.2475000000000003
6.8742077349494455,-5.058128961761838,1.875,1.2475000000000003
6.840207734949448,-5.058128961761838,1.875,1.2475000000000003
6.806207734949451,-5.058128961761838,1.875,1.2475000000000003
6.778207734949447,-5.05812896176184,1.875,1.2475000000000003
6.754707734949452,-5.05812896176184,1.875,1.2475000000000003
6.734207734949445,-5.058128961761836,1.8725000000000003,1.25
6.715207734949448,-5.058128961761838,1.875,1.2475000000000003
6.696207734949448,-5.058128961761838,1.875,1.2475000000000003
6.675707734949448,-5.058128961761838,1.875,1.2475000000000003
6.6522077349494495,-5.058128961761838,1.875,1.2475000000000003
6.6242077349494455,-5.058128961761838,1.875,1.2475000000000003
6.590207734949448,-5.058128961761838,1.875,1.2475000000000003
6.556207734949451,-5.058128961761838,1.875,1.2475000000000003
6.528207734949447,-5.05812896176184,1.875,1.2475000000000003
6.504707734949449,-5.05812896176184,1.875,1.2475000000000003
6.484207734949445,-5.058128961761836,1.8725000000000003,1.25
6.465207734949448,-5.058128961761838,1.875,1.2475000000000003
6.446207734949448,-5.058128961761838,1.875,1.2475000000000003
6.42570773494945,-5.058128961761838,1.875,1.2475000000000003
6.4022077349494495,-5.058128961761838,1.875,1.2475000000000003
6.3742077349494455,-5.058128961761838,1.875,1.2475000000000003
6.340207734949448,-5.058128961761838,1.875,1.2475000000000003
6.306207734949449,-5.058128961761838,1.875,1.2475000000000003
6.278207734949447,-5.05812896176184,1.875,1.2475000000000003
6.254707734949449,-5.05812896176184,1.875,1.2475000000000003
6.234207734949447,-5.058128961761836,1.8725000000000003,1.25
6.215207734949448,-5.058128961761838,1.875,1.2475000000000003
6.196207734949448,-5.058128961761838,1.875,1.2475000000000003
6.175707734949448,-5.058128961761838,1.875,1.2475000000000003
6.1522077349494495,-5.058128961761838,1.875,1.2475000000000003
6.124207734949449,-5.058128961761838,1.875,1.2475000000000003
6.090207734949448,-5.058128961761838,1.875,1.2475000000000003
6.056207734949451,-5.058128961761838,1.875,1.2475000000000003
6.028207734949447,-5.05812896176184,1.875,1.2475000000000003
6.004707734949449,-5.05812896176184,1.875,1.2475000000000003
5.9842077349494485,-5.058128961761836,1.8725000000000003,1.25
5.965207734949448,-5.058128961761838,1.875,1.2475000000000003
5.94620773494945,-5.058128961761838,1.875,1.2475000000000003
5.92570773494945,-5.058128961761838,1.875,1.2475000000000003
5.9022077349494495,-5.058128961761838,1.875,1.2475000000000003
5.874207734949449,-5.058128961761838,1.875,1.2475000000000003
5.840207734949448,-5.058128961761838,1.875,1.2475000000000003
5.806207734949451,-5.058128961761838,1.875,1.2475000000000003
5.778207734949449,-5.05812896176184,1.875,1.2475000000000003
5.754707734949449,-5.05812896176184,1.875,1.2475000000000003
5.734207734949445,-5.058128961761836,1.8725000000000003,1.25
5.715207734949448,-5.058128961761838,1.875,1.2475000000000003
5.696207734949448,-5.058128961761838,1.875,1.2475000000000003
5.675707734949448,-5.058128961761838,1.875,1.2475000000000003
5.6522077349494495,-5.058128961761838,1.875,1.2475000000000003
5.624207734949447,-5.058128961761838,1.875,1.2475000000000003
5.590207734949448,-5.058128961761838,1.875,1.2475000000000003
5.556207734949451,-5.058128961761838,1.875,1.2475000000000003
5.528207734949447,-5.05812896176184,1.875,1.2475000000000003
5.504707734949449,-5.05812896176184,1.875,1.2475000000000003
5.484207734949445,-5.058128961761836,1.8725000000000003,1.25
5.465207734949448,-5.058128961761838,1.875,1.2475000000000003
5.44620773494945,-5.058128961761838,1.875,1.2475000000000003
5.425707734949448,-5.058128961761838,1.875,1.2475000000000003
5.4022077349494495,-5.058128961761838,1.875,1.2475000000000003
5.3742077349494455,-5.058128961761838,1.875,1.2475000000000003
5.340207734949448,-5.058128961761838,1.875,1.2475000000000003
5.306207734949453,-5.058128961761838,1.875,1.2475000000000003
5.278207734949447,-5.05812896176184,1.875,1.2475000000000003
5.254707734949449,-5.05812896176184,1.875,1.2475000000000003
5.2342077349494485,-5.058128961761836,1.8725000000000003,1.25
5.215207734949448,-5.058128961761838,1.875,1.2475000000000003
5.196207734949448,-5.058128961761838,1.875,1.2475000000000003
5.175707734949446,-5.058128961761838,1.875,1.2475000000000003
5.1522077349494495,-5.058128961761838,1.875,1.2475000000000003
5.124207734949449,-5.058128961761838,1.875,1.2475000000000003
5.090207734949448,-5.058128961761838,1.875,1.2475000000000003
5.056207734949453,-5.058128961761838,1.875,1.2475000000000003
5.028207734949447,-5.05812896176184,1.875,1.2475000000000003
5.00470773494945,-5.05812896176184,1.875,1.2475000000000003
4.9842077349494485,-5.058128961761836,1.8725000000000003,1.25
4.965207734949448,-5.058128961761838,1.875,1.2475000000000003
4.946207734949448,-5.058128961761838,1.875,1.2475000000000003
4.92570773494945,-5.058128961761838,1.875,1.2475000000000003
4.9022077349494495,-5.058128961761838,1.875,1.2475000000000003
4.874207734949447,-5.058128961761838,1.875,1.2475000000000003
4.840207734949448,-5.058128961761838,1.875,1.2475000000000003
4.806207734949453,-5.058128961761838,1.875,1.2475000000000003
4.778207734949447,-5.05812896176184,1.875,1.2475000000000003
4.75470773494945,-5.05812896176184,1.875,1.2475000000000003
4.734207734949447,-5.058128961761836,1.8725000000000003,1.25
4.715207734949448,-5.058128961761838,1.875,1.2475000000000003
4.696207734949448,-5.058128961761838,1.875,1.2475000000000003
4.675707734949448,-5.058128961761838,1.875,1.2475000000000003
4.6522077349494495,-5.058128961761838,1.875,1.2475000000000003
4.624207734949447,-5.058128961761838,1.875,1.2475000000000003
4.590207734949448,-5.058128961761838,1.875,1.2475000000000003
4.556207734949449,-5.058128961761838,1.875,1.2475000000000003
4.528207734949447,-5.05812896176184,1.875,1.2475000000000003
4.504707734949447,-5.05812896176184,1.875,1.2475000000000003
4.4842077349494485,-5.058128961761836,1.8725000000000003,1.25
4.465207734949448,-5.058128961761838,1.875,1.2475000000000003
4.446207734949448,-5.058128961761838,1.875,1.2475000000000003
4.425707734949448,-5.058128961761838,1.875,1.2475000000000003
4.4022077349494495,-5.058128961761838,1.875,1.2475000000000003
4.3742077349494455,-5.058128961761838,1.875,1.2475000000000003
4.340207734949448,-5.058128961761838,1.875,1.2475000000000003
4.306207734949449,-5.058128961761838,1.875,1.2475000000000003
4.278207734949447,-5.05812896176184,1.875,1.2475000000000003
4.254707734949449,-5.05812896176184,1.875,1.2475000000000003
4.234207734949447,-5.058128961761836,1.8725000000000003,1.25
4.215207734949448,-5.058128961761838,1.875,1.2475000000000003
4.196207734949448,-5.058128961761838,1.875,1.2475000000000003
4.175707734949448,-5.058128961761838,1.875,1.2475000000000003
4.1522077349494495,-5.058128961761838,1.875,1.2475000000000003
4.124207734949447,-5.058128961761838,1.875,1.2475000000000003
4.090207734949448,-5.058128961761838,1.875,1.2475000000000003
4.056207734949451,-5.058128961761838,1.875,1.2475000000000003
4.028207734949447,-5.05812896176184,1.875,1.2475000000000003
4.004707734949449,-5.05812896176184,1.875,1.2475000000000003
3.9842077349494467,-5.058128961761836,1.8725000000000003,1.25
3.9652077349494483,-5.058128961761838,1.875,1.2475000000000003
3.946207734949448,-5.058128961761838,1.875,1.2475000000000003
3.925707734949448,-5.058128961761838,1.875,1.2475000000000003
3.9022077349494495,-5.058128961761838,1.875,1.2475000000000003
3.8742077349494473,-5.058128961761838,1.875,1.2475000000000003
3.8402077349494483,-5.058128961761838,1.875,1.2475000000000003
3.806207734949451,-5.058128961761838,1.875,1.2475000000000003
3.778207734949447,-5.05812896176184,1.875,1.2475000000000003
3.7547077349494486,-5.05812896176184,1.875,1.2475000000000003
3.7342077349494467,-5.058128961761836,1.8725000000000003,1.25
3.7152077349494483,-5.058128961761838,1.875,1.2475000000000003
3.696207734949448,-5.058128961761838,1.875,1.2475000000000003
3.675707734949448,-5.058128961761838,1.875,1.2475000000000003
3.6522077349494495,-5.058128961761838,1.875,1.2475000000000003
3.6242077349494473,-5.058128961761838,1.875,1.2475000000000003
3.5902077349494483,-5.058128961761838,1.875,1.2475000000000003
3.556207734949451,-5.058128961761838,1.875,1.2475000000000003
3.528207734949449,-5.05812896176184,1.875,1.2475000000000003
3.5047077349494486,-5.05812896176184,1.875,1.2475000000000003
3.4842077349494467,-5.058128961761836,1.8725000000000003,1.25
3.4652077349494483,-5.058128961761838,1.875,1.2475000000000003
3.44620773494945,-5.058128961761838,1.875,1.2475000000000003
3.425707734949448,-5.058128961761838,1.875,1.2475000000000003
3.4022077349494495,-5.058128961761838,1.875,1.2475000000000003
3.3742077349494473,-5.058128961761838,1.875,1.2475000000000003
3.3402077349494483,-5.058128961761838,1.875,1.2475000000000003
3.306207734949451,-5.058128961761838,1.875,1.2475000000000003
3.278207734949447,-5.05812896176184,1.875,1.2475000000000003
3.2547077349494486,-5.05812896176184,1.875,1.2475000000000003
3.2342077349494467,-5.058128961761836,1.8725000000000003,1.25
3.2152077349494483,-5.058128961761838,1.875,1.2475000000000003
3.196207734949448,-5.058128961761838,1.875,1.2475000000000003
3.175707734949448,-5.058128961761838,1.875,1.2475000000000003
3.1522077349494495,-5.058128961761838,1.875,1.2475000000000003
3.1242077349494473,-5.058128961761838,1.875,1.2475000000000003
3.0902077349494483,-5.058128961761838,1.875,1.2475000000000003
3.056207734949451,-5.058128961761838,1.875,1.2475000000000003
3.028207734949447,-5.05812896176184,1.875,1.2475000000000003
3.004707734949447,-5.05812896176184,1.875,1.2475000000000003
2.984207734949445,-5.058128961761836,1.8725000000000003,1.25
2.9652077349494483,-5.058128961761838,1.875,1.2475000000000003
2.94620773494945,-5.058128961761838,1.875,1.2475000000000003
2.9257077349494462,-5.058128961761838,1.875,1.2475000000000003
2.9022077349494477,-5.058128961761838,1.875,1.2475000000000003
2.8742077349494473,-5.058128961761838,1.875,1.2475000000000003
2.8402077349494483,-5.058128961761838,1.875,1.2475000000000003
2.806207734949451,-5.058128961761838,1.875,1.2475000000000003
2.778207734949449,-5.05812896176184,1.875,1.2475000000000003
2.754707734949447,-5.05812896176184,1.875,1.2475000000000003
2.7342077349494467,-5.058128961761836,1.8725000000000003,1.25
2.7152077349494483,-5.058128961761838,1.875,1.2475000000000003
2.69620773494945,-5.058128961761838,1.875,1.2475000000000003
2.6757077349494462,-5.058128961761838,1.875,1.2475000000000003
2.6522077349494477,-5.058128961761838,1.875,1.2475000000000003
2.6242077349494473,-5.058128961761838,1.875,1.2475000000000003
2.5902077349494483,-5.058128961761838,1.875,1.2475000000000003
2.5562077349494494,-5.058128961761838,1.875,1.2475000000000003
2.528207734949447,-5.05812896176184,1.875,1.2475000000000003
2.5047077349494486,-5.05812896176184,1.875,1.2475000000000003
2.4842077349494467,-5.058128961761836,1.8725000000000003,1.25
2.4652077349494483,-5.058128961761838,1.875,1.2475000000000003
2.446207734949448,-5.058128961761838,1.875,1.2475000000000003
2.425707734949448,-5.058128961761838,1.875,1.2475000000000003
2.4022077349494477,-5.058128961761838,1.875,1.2475000000000003
2.3742077349494473,-5.058128961761838,1.875,1.2475000000000003
2.3402077349494483,-5.058128961761838,1.875,1.2475000000000003
2.306207734949451,-5.058128961761838,1.875,1.2475000000000003
2.278207734949447,-5.05812896176184,1.875,1.2475000000000003
2.2547077349494486,-5.05812896176184,1.875,1.2475000000000003
2.2342077349494485,-5.058128961761836,1.8725000000000003,1.25
2.2152077349494483,-5.058128961761838,1.875,1.2475000000000003
2.19620773494945,-5.058128961761838,1.875,1.2475000000000003
2.175707734949448,-5.058128961761838,1.875,1.2475000000000003
2.1522077349494477,-5.058128961761838,1.875,1.2475000000000003
2.1242077349494473,-5.058128961761838,1.875,1.2475000000000003
2.0902077349494483,-5.058128961761838,1.875,1.25
2.0562077349494494,-5.058703961761838,1.875,1.2475000000000003
2.028207734949447,-5.059728961761838,1.875,1.2475000000000003
1.0258077349494474,-4.146128961761839,1.3125,2.5875000000000004
0.8926077349494497,-4.020128961761838,1.2475000000000003,2.1925000000000003
0.793407734949449,-3.896128961761839,1.2475000000000003,1.8600000000000003
0.583432734949449,-3.4241289617618396,1.2550000000000001,1.3425000000000002
0.5706077349494469,-3.352128961761837,1.2550000000000001,1.3175000000000001
0.565207734949448,-3.1741289617618396,1.2475000000000003,1.3
0.5652077349494498,-3.1461289617618373,1.2475000000000003,1.3
0.565207734949448,-3.122628961761839,1.2475000000000003,1.3
0.565207734949448,-3.102128961761837,1.2475000000000003,1.3
0.565207734949448,-3.0831289617618367,1.2475000000000003,1.3
0.565207734949448,-3.0641289617618384,1.2475000000000003,1.3
0.565207734949448,-3.043628961761838,1.2475000000000003,1.3
0.565207734949448,-3.020128961761838,1.2475000000000003,1.3
0.565207734949448,-2.9921289617618356,1.2475000000000003,1.3
0.565207734949448,-2.9581289617618367,1.2475000000000003,1.3
0.565207734949448,-2.9241289617618396,1.2475000000000003,1.3
0.5652077349494498,-2.8961289617618373,1.2475000000000003,1.3
0.565207734949448,-2.872628961761839,1.2475000000000003,1.3
0.565207734949448,-2.852128961761835,1.2475000000000003,1.3
0.565207734949448,-2.8331289617618367,1.2475000000000003,1.3
0.565207734949448,-2.8141289617618384,1.2475000000000003,1.3
0.565207734949448,-2.7936289617618364,1.2475000000000003,1.3
0.565207734949448,-2.770128961761838,1.2475000000000003,1.3
0.565207734949448,-2.7421289617618356,1.2475000000000003,1.3
0.565207734949448,-2.7081289617618367,1.2475000000000003,1.3
0.565207734949448,-2.674128961761838,1.2475000000000003,1.3
0.5652077349494498,-2.6461289617618373,1.2475000000000003,1.3
0.565207734949448,-2.622628961761839,1.2475000000000003,1.3
0.565207734949448,-2.602128961761837,1.2475000000000003,1.3
0.565207734949448,-2.5831289617618367,1.2475000000000003,1.3
0.565207734949448,-2.5641289617618384,1.2475000000000003,1.3
0.565207734949448,-2.5436289617618364,1.2475000000000003,1.3
0.565207734949448,-2.520128961761838,1.2475000000000003,1.3
0.565207734949448,-2.4921289617618356,1.2475000000000003,1.3
0.565207734949448,-2.4581289617618367,1.2475000000000003,1.3
0.565207734949448,-2.4241289617618396,1.2475000000000003,1.3
0.5652077349494498,-2.3961289617618373,1.2475000000000003,1.3
0.565207734949448,-2.372628961761839,1.2475000000000003,1.3
0.565207734949448,-2.352128961761835,1.2475000000000003,1.3
0.565207734949448,-2.3331289617618367,1.2475000000000003,1.3
0.565207734949448,-2.3141289617618384,1.2475000000000003,1.3
0.565207734949448,-2.2936289617618364,1.2475000000000003,1.3
0.565207734949448,-2.270128961761838,1.2475000000000003,1.3
0.565207734949448,-2.2421289617618356,1.2475000000000003,1.3
0.565207734949448,-2.2081289617618367,1.2475000000000003,1.3
0.565207734949448,-2.1741289617618396,1.2475000000000003,1.3
0.5652077349494498,-2.1461289617618373,1.2475000000000003,1.3
0.565207734949448,-2.122628961761839,1.2475000000000003,1.3
0.565207734949448,-2.102128961761837,1.2475000000000003,1.3
0.565207734949448,-2.0831289617618367,1.2475000000000003,1.3
0.565207734949448,-2.0641289617618384,1.2475000000000003,1.3
0.565207734949448,-2.0436289617618364,1.2475000000000003,1.3
0.565207734949448,-2.020128961761838,1.2475000000000003,1.3
0.565207734949448,-1.9921289617618356,1.2475000000000003,1.3
0.565207734949448,-1.9581289617618367,1.2475000000000003,1.3
0.565207734949448,-1.9241289617618396,1.2475000000000003,1.3
0.5652077349494498,-1.8961289617618373,1.2475000000000003,1.3
0.565207734949448,-1.8726289617618388,1.2475000000000003,1.3
0.565207734949448,-1.8521289617618368,1.2475000000000003,1.3
0.565207734949448,-1.8331289617618367,1.2475000000000003,1.3
0.565207734949448,-1.8141289617618384,1.2475000000000003,1.3
0.565207734949448,-1.7936289617618364,1.2475000000000003,1.3
0.565207734949448,-1.7701289617618379,1.2475000000000003,1.3
0.565207734949448,-1.7421289617618356,1.2475000000000003,1.3
0.565207734949448,-1.7081289617618367,1.2475000000000003,1.3
0.565207734949448,-1.6741289617618396,1.2475000000000003,1.3
0.5652077349494498,-1.6461289617618373,1.2475000000000003,1.3
0.565207734949448,-1.6226289617618388,1.2475000000000003,1.3
0.565207734949448,-1.6021289617618368,1.2475000000000003,1.3
0.565207734949448,-1.5831289617618367,1.2475000000000003,1.3
0.565207734949448,-1.5641289617618384,1.2475000000000003,1.3
0.565207734949448,-1.5436289617618364,1.2475000000000003,1.3
0.565207734949448,-1.5201289617618379,1.2475000000000003,1.3
0.565207734949448,-1.4921289617618356,1.2475000000000003,1.3
0.565207734949448,-1.4581289617618367,1.2475000000000003,1.3
0.565207734949448,-1.4241289617618396,1.2475000000000003,1.3
0.5652077349494498,-1.3961289617618373,1.2475000000000003,1.3
0.565207734949448,-1.3726289617618388,1.2475000000000003,1.3
0.565207734949448,-1.3521289617618368,1.2475000000000003,1.3
0.565207734949448,-1.3331289617618367,1.2475000000000003,1.3
0.565207734949448,-1.3141289617618384,1.2475000000000003,1.3
0.565207734949448,-1.2936289617618364,1.2475000000000003,1.3
0.565207734949448,-1.2701289617618379,1.2475000000000003,1.3
0.565207734949448,-1.2421289617618356,1.2475000000000003,1.3
0.565207734949448,-1.2081289617618367,1.2475000000000003,1.3
0.565207734949448,-1.1741289617618396,1.2475000000000003,1.3
0.5652077349494498,-1.1461289617618373,1.2475000000000003,1.3
0.565207734949448,-1.1226289617618388,1.2475000000000003,1.3
0.565207734949448,-1.1021289617618368,1.2475000000000003,1.3
0.565207734949448,-1.0831289617618367,1.2475000000000003,1.3
0.565207734949448,-1.0641289617618384,1.2475000000000003,1.3
0.5454077349494488,-0.6226289617618388,1.3350000000000002,1.4000000000000001
0.000707734949447314,-0.03015396176183671,2.6225000000000005,1.3
-0.42029226505055206,0.16369603823816448,1.9650000000000003,1.2775
-0.440792265050554,0.17027103823816248,1.9625000000000001,1.2875
-0.8347922650505524,0.19187103823816187,1.8475000000000001,1.2475000000000003
-0.8687922650505495,0.19187103823816187,1.85,1.2475000000000003
-0.8967922650505527,0.19187103823816187,1.85,1.2475000000000003
-0.9202922650505521,0.19187103823816187,1.8475000000000001,1.2475000000000003
-0.9407922650505531,0.19187103823816187,1.85,1.2475000000000003
-0.9597922650505524,0.19187103823816187,1.85,1.2475000000000003
-0.9787922650505507,0.19187103823816187,1.85,1.2475000000000003
-0.9992922650505527,0.19187103823816187,1.85,1.2475000000000003
-1.0227922650505512,0.19187103823816187,1.85,1.2475000000000003
-1.0507922650505535,0.19187103823816187,1.85,1.2475000000000003
-1.0847922650505524,0.19187103823816187,1.85,1.2475000000000003
-1.1187922650505504,0.19187103823816187,1.85,1.2475000000000003
-1.1467922650505535,0.19187103823816187,1.85,1.2475000000000003
-1.1702922650505512,0.19187103823816187,1.8475000000000001,1.2475000000000003
-1.190792265050554,0.19187103823816187,1.85,1.2475000000000003
-1.2097922650505524,0.19187103823816187,1.85,1.2475000000000003
-1.2287922650505507,0.19187103823816187,1.85,1.2475000000000003
-1.2492922650505527,0.19187103823816187,1.85,1.2475000000000003
-1.2727922650505512,0.19187103823816187,1.85,1.2475000000000003
-1.3007922650505535,0.19187103823816187,1.85,1.2475000000000003
-1.3347922650505524,0.19187103823816187,1.85,1.2475000000000003
-1.3687922650505504,0.19187103823816187,1.85,1.2475000000000003
-1.3967922650505527,0.19187103823816187,1.85,1.2475000000000003
-1.420292265050552,0.19187103823816187,1.8475000000000001,1.2475000000000003
-1.440792265050554,0.19187103823816187,1.85,1.2475000000000003
-1.4597922650505524,0.19187103823816187,1.85,1.2475000000000003
-1.4787922650505507,0.19187103823816187,1.85,1.2475000000000003
-1.4992922650505527,0.19187103823816187,1.85,1.2475000000000003
-1.5227922650505512,0.19187103823816187,1.85,1.2475000000000003
-1.5507922650505535,0.19187103823816187,1.85,1.2475000000000003
-1.5847922650505524,0.19187103823816187,1.85,1.2475000000000003
-1.6187922650505504,0.19187103823816187,1.85,1.2475000000000003
-1.6467922650505527,0.19187103823816187,1.85,1.2475000000000003
-1.6702922650505512,0.19187103823816187,1.8475000000000001,1.2475000000000003
-1.6907922650505531,0.19187103823816187,1.85,1.2475000000000003
-1.7097922650505524,0.19187103823816187,1.85,1.2475000000000003
-1.7287922650505516,0.19187103823816187,1.85,1.2475000000000003
-1.7492922650505527,0.19187103823816187,1.85,1.2475000000000003
-1.7727922650505503,0.19187103823816187,1.85,1.2475000000000003
-1.8007922650505535,0.19187103823816187,1.85,1.2475000000000003
-1.8347922650505524,0.19187103823816187,1.85,1.2475000000000003
-1.8687922650505495,0.19187103823816187,1.85,1.2475000000000003
-1.8967922650505535,0.19187103823816187,1.85,1.2475000000000003
-1.920292265050552,0.19187103823816187,1.8475000000000001,1.2475000000000003
-1.940792265050555,0.19187103823816187,1.85,1.2475000000000003
-1.9597922650505524,0.19187103823816187,1.85,1.2475000000000003
-1.9787922650505516,0.19187103823816187,1.85,1.2475000000000003
-1.9992922650505527,0.19187103823816187,1.85,1.2475000000000003
-2.022792265050552,0.19187103823816187,1.85,1.2475000000000003
-2.0507922650505543,0.19187103823816187,1.85,1.2475000000000003
-2.0847922650505524,0.19187103823816187,1.85,1.2475000000000003
-2.1187922650505504,0.19187103823816187,1.85,1.2475000000000003
-2.1467922650505527,0.19187103823816187,1.85,1.2475000000000003
-2.170292265050552,0.19187103823816187,1.8475000000000001,1.2475000000000003
-2.190792265050553,0.19187103823816187,1.85,1.2475000000000003
-2.2097922650505524,0.19187103823816187,1.85,1.2475000000000003
-2.2287922650505507,0.19187103823816187,1.85,1.2475000000000003
-2.2492922650505536,0.19187103823816187,1.85,1.2475000000000003
-2.272792265050551,0.19187103823816187,1.85,1.2475000000000003
-2.3007922650505543,0.19187103823816187,1.85,1.2475000000000003
-2.3347922650505524,0.19187103823816187,1.85,1.2475000000000003
-2.3687922650505504,0.19187103823816187,1.85,1.2475000000000003
-2.3967922650505527,0.19187103823816187,1.85,1.2475000000000003
-2.420292265050552,0.19187103823816187,1.8475000000000001,1.2475000000000003
-2.440792265050553,0.19187103823816187,1.85,1.2475000000000003
-2.4597922650505524,0.19187103823816187,1.85,1.2475000000000003
-2.4787922650505507,0.19187103823816187,1.85,1.2475000000000003
-2.499292265050553,0.19187103823816187,1.85,1.2475000000000003
-2.5227922650505517,0.19187103823816187,1.85,1.2475000000000003
-2.550792265050554,0.19187103823816187,1.85,1.2475000000000003
-2.5847922650505524,0.19187103823816187,1.8475000000000001,1.2475000000000003
-2.6187922650505495,0.19187103823816187,1.85,1.2475000000000003
-2.6467922650505527,0.19187103823816187,1.85,1.2475000000000003
-2.670292265050552,0.19187103823816187,1.8475000000000001,1.2475000000000003
-2.690792265050553,0.19187103823816187,1.85,1.2475000000000003
-2.7097922650505524,0.19187103823816187,1.8475000000000001,1.2475000000000003
-2.728792265050551,0.19187103823816187,1.85,1.2475000000000003
-2.749292265050553,0.19187103823816187,1.85,1.2475000000000003
-2.7727922650505517,0.19187103823816187,1.85,1.2475000000000003
-2.8007922650505535,0.19187103823816187,1.85,1.2475000000000003
-2.8347922650505524,0.19187103823816187,1.85,1.2475000000000003
-2.8687922650505495,0.19187103823816187,1.85,1.2475000000000003
-2.8967922650505527,0.19187103823816187,1.85,1.2475000000000003
-2.920292265050551,0.19187103823816187,1.8475000000000001,1.2475000000000003
-2.940792265050554,0.19187103823816187,1.85,1.2475000000000003
-2.9597922650505524,0.19187103823816187,1.85,1.2475000000000003
-2.978792265050551,0.19187103823816187,1.85,1.2475000000000003
-2.9992922650505527,0.19187103823816187,1.85,1.2475000000000003
-3.0227922650505517,0.19187103823816187,1.85,1.2475000000000003
-3.050792265050554,0.19187103823816187,1.85,1.2475000000000003
-3.0847922650505524,0.19187103823816187,1.85,1.2475000000000003
-3.1187922650505504,0.19187103823816187,1.85,1.2475000000000003
-3.1467922650505527,0.19187103823816187,1.85,1.2475000000000003
-3.170292265050551,0.19187103823816187,1.8475000000000001,1.2475000000000003
-3.190792265050554,0.19187103823816187,1.85,1.2475000000000003
-3.2097922650505524,0.19187103823816187,1.85,1.2475000000000003
-3.228792265050551,0.19187103823816187,1.85,1.2475000000000003
-3.249292265050553,0.19187103823816187,1.85,1.2475000000000003
-3.2727922650505517,0.19187103823816187,1.8475000000000001,1.2475000000000003
-3.7727922650505517,0.23027103823816475,1.9400000000000004,1.3800000000000001
-4.457192265050551,-0.4711289617618366,1.5975000000000001,1.3025000000000002
-4.509392265050552,-0.5951289617618372,1.4725000000000001,1.2800000000000002
-4.518317265050552,-0.6186289617618357,1.455,1.2700000000000002
-4.566567265050552,-0.8171289617618349,1.3425000000000002,1.2550000000000001
-4.571992265050552,-0.8451289617618372,1.3350000000000002,1.2575000000000003
-4.576217265050552,-0.8686289617618357,1.3250000000000002,1.2575000000000003
-4.584792265050552,-1.0951289617618372,1.3,1.2475000000000003
-4.584792265050552,-1.1186289617618357,1.3,1.2475000000000003
-4.584792265050552,-1.1391289617618376,1.3,1.2475000000000003
-4.584792265050552,-1.1581289617618378,1.3,1.2475000000000003
-4.584792265050552,-1.177128961761838,1.3,1.2475000000000003
-4.584792265050552,-1.197628961761838,1.3,1.2475000000000003
-4.584792265050552,-1.2211289617618366,1.3,1.2475000000000003
-4.584792265050552,-1.2491289617618406,1.3,1.2475000000000003
-4.584792265050552,-1.2831289617618378,1.3,1.2475000000000003
-4.584792265050552,-1.317128961761835,1.3,1.2475000000000003
-4.584792265050552,-1.3451289617618372,1.3,1.2475000000000003
-4.584792265050552,-1.3686289617618357,1.3,1.2475000000000003
-4.584792265050552,-1.3891289617618376,1.3,1.2475000000000003
-4.584792265050552,-1.4081289617618378,1.2975000000000003,1.2475000000000003
-4.584792265050552,-1.427128961761838,1.3,1.2475000000000003
-4.584792265050552,-1.447628961761838,1.3,1.2475000000000003
-4.584792265050552,-1.4711289617618366,1.3,1.2475000000000003
-4.584792265050552,-1.4991289617618406,1.3,1.2475000000000003
-4.584792265050552,-1.5331289617618378,1.3,1.2475000000000003
-4.584792265050552,-1.567128961761835,1.3,1.2475000000000003
-4.584792265050552,-1.5951289617618354,1.3,1.2475000000000003
-4.584792265050552,-1.6186289617618392,1.3,1.2475000000000003
-4.584792265050552,-1.6391289617618394,1.3,1.2475000000000003
-4.584792265050552,-1.6581289617618378,1.3,1.2475000000000003
-4.584792265050552,-1.677128961761838,1.3,1.2475000000000003
-4.584792265050552,-1.6976289617618345,1.3,1.2475000000000003
-4.584792265050552,-1.721128961761842,1.3,1.2475000000000003
-4.584792265050552,-1.7491289617618389,1.3,1.2475000000000003
-4.584792265050552,-1.7831289617618378,1.3,1.2475000000000003
-4.584792265050552,-1.8171289617618367,1.3,1.2475000000000003
-4.584792265050552,-1.8451289617618354,1.3,1.2475000000000003
-4.584792265050552,-1.8686289617618392,1.3,1.2475000000000003
-4.584792265050552,-1.8891289617618394,1.3,1.2475000000000003
-4.584792265050552,-1.9081289617618378,1.2975000000000003,1.2475000000000003
-4.584792265050552,-1.927128961761838,1.3,1.2475000000000003
-4.584792265050552,-1.9476289617618363,1.3,1.2475000000000003
-4.584792265050552,-1.971128961761842,1.3,1.2475000000000003
-4.584792265050552,-1.9991289617618406,1.3,1.2475000000000003
-4.584792265050552,-2.0331289617618378,1.3,1.2475000000000003
-4.584792265050552,-2.067128961761835,1.3,1.2475000000000003
-4.584792265050552,-2.0951289617618354,1.3,1.2475000000000003
-4.584792265050552,-2.1186289617618392,1.3,1.2475000000000003
-4.584792265050552,-2.1391289617618376,1.3,1.2475000000000003
-4.584792265050552,-2.1581289617618378,1.3,1.2475000000000003
-4.584792265050552,-2.177128961761836,1.3,1.2475000000000003
-4.584792265050552,-2.1976289617618345,1.3,1.2475000000000003
-4.584792265050552,-2.22112896176184,1.3,1.2475000000000003
-4.584792265050552,-2.2491289617618406,1.3,1.2475000000000003
-4.584792265050552,-2.2831289617618378,1.3,1.2475000000000003
-4.584792265050552,-2.317128961761835,1.3,1.2475000000000003
-4.584792265050552,-2.3451289617618354,1.3,1.2475000000000003
-4.584792265050552,-2.3686289617618392,1.3,1.2475000000000003
-4.584792265050552,-2.3891289617618376,1.3,1.2475000000000003
-4.584792265050552,-2.4081289617618378,1.2975000000000003,1.2475000000000003
-4.584792265050552,-2.427128961761838,1.3,1.2475000000000003
-4.584792265050552,-2.4476289617618345,1.3,1.2475000000000003
-4.584792265050552,-2.47112896176184,1.3,1.2475000000000003
-4.584792265050552,-2.4991289617618406,1.3,1.2475000000000003
-4.584792265050552,-2.5331289617618378,1.3,1.2475000000000003
-4.584792265050552,-2.567128961761835,1.3,1.2475000000000003
-4.584792265050552,-2.5951289617618354,1.3,1.2475000000000003
-4.584792265050552,-2.6186289617618392,1.3,1.2475000000000003
-4.584792265050552,-2.6391289617618376,1.3,1.2475000000000003
-4.584792265050552,-2.6581289617618378,1.2975000000000003,1.2475000000000003
-4.584792265050552,-2.677128961761836,1.3,1.2475000000000003
-4.584792265050552,-2.6976289617618363,1.3,1.2475000000000003
-4.584792265050552,-2.721128961761842,1.3,1.2475000000000003
-4.584792265050552,-2.7491289617618406,1.3,1.2475000000000003
-4.584792265050552,-2.7831289617618378,1.2975000000000003,1.2475000000000003
-4.584792265050552,-2.817128961761835,1.3,1.2475000000000003
-4.584792265050552,-2.8451289617618354,1.3,1.2475000000000003
-4.584792265050552,-2.8686289617618392,1.3,1.2475000000000003
-4.584792265050552,-2.8891289617618394,1.3,1.2475000000000003
-4.584792265050552,-2.9081289617618378,1.3,1.2475000000000003
-4.584792265050552,-2.927128961761836,1.3,1.2475000000000003
-4.584792265050552,-2.9476289617618345,1.3,1.2475000000000003
-4.584792265050552,-2.971128961761842,1.3,1.2475000000000003
-4.584792265050552,-2.9991289617618406,1.3,1.2475000000000003
-4.584792265050552,-3.0331289617618378,1.3,1.2475000000000003
-4.584792265050552,-3.067128961761835,1.3,1.2475000000000003
-4.584792265050552,-3.0951289617618354,1.3,1.2475000000000003
-4.584792265050552,-3.1186289617618392,1.3,1.2475000000000003
-4.584792265050552,-3.1391289617618376,1.3,1.2475000000000003
-4.584792265050552,-3.1581289617618378,1.3,1.2475000000000003
-4.584792265050552,-3.177128961761838,1.3,1.2475000000000003
-4.584792265050552,-3.1976289617618363,1.3,1.2475000000000003
-4.584792265050552,-3.22112896176184,1.3,1.2475000000000003
-4.584792265050552,-3.2491289617618406,1.3,1.2475000000000003
-4.584792265050552,-3.2831289617618378,1.3,1.2475000000000003
-4.584792265050552,-3.3171289617618367,1.3,1.2475000000000003
-4.584792265050552,-3.3451289617618354,1.3,1.2475000000000003
-4.584792265050552,-3.3686289617618392,1.3,1.2475000000000003
-4.584792265050552,-3.3891289617618376,1.3,1.2475000000000003
-4.584792265050552,-3.4081289617618378,1.2975000000000003,1.2475000000000003
-4.584792265050552,-3.427128961761836,1.3,1.2475000000000003
-4.584792265050552,-3.4476289617618363,1.3,1.2475000000000003
-4.584792265050552,-3.47112896176184,1.3,1.2475000000000003
-4.584792265050552,-3.4991289617618406,1.3,1.2475000000000003
-4.584792265050552,-3.5331289617618378,1.3,1.2475000000000003
-4.584792265050552,-3.5671289617618367,1.3,1.2475000000000003
-4.584792265050552,-3.5951289617618354,1.3,1.2475000000000003
-4.584792265050552,-3.6186289617618392,1.3,1.2475000000000003
-4.584792265050552,-3.6391289617618376,1.3,1.2475000000000003
-4.584792265050552,-3.6581289617618378,1.3,1.2475000000000003
-4.584792265050552,-3.677128961761838,1.3,1.2475000000000003
-4.584792265050552,-3.6976289617618345,1.3,1.2475000000000003
-4.584792265050552,-3.72112896176184,1.3,1.2475000000000003
-4.584792265050552,-3.7491289617618406,1.3,1.2475000000000003
-4.584792265050552,-3.7831289617618378,1.3,1.2475000000000003
-4.584792265050552,-3.8171289617618367,1.3,1.2475000000000003
-4.584792265050552,-3.8451289617618354,1.3,1.2475000000000003
-4.584792265050552,-3.8686289617618392,1.3,1.2475000000000003
-4.584792265050552,-3.8891289617618376,1.3,1.2475000000000003
-4.584792265050552,-3.9081289617618378,1.2975000000000003,1.2475000000000003
-4.584792265050552,-3.927128961761836,1.3,1.2475000000000003
-4.584792265050552,-3.9476289617618363,1.3,1.2475000000000003
-4.584792265050552,-3.971128961761842,1.3,1.2475000000000003
-4.584792265050552,-3.9991289617618406,1.3,1.2475000000000003
-4.584792265050552,-4.033128961761838,1.3,1.2475000000000003
-4.584792265050552,-4.067128961761837,1.3,1.2475000000000003
-4.584792265050552,-4.095128961761835,1.3,1.2475000000000003
-4.584792265050552,-4.118628961761839,1.3,1.2475000000000003
-4.584792265050552,-4.139128961761838,1.3,1.2475000000000003
-4.584792265050552,-4.158128961761838,1.2975000000000003,1.2475000000000003
-4.584792265050552,-4.177128961761836,1.3,1.2475000000000003
-4.584792265050552,-4.1976289617618345,1.3,1.2475000000000003
-4.584792265050552,-4.221128961761842,1.3,1.2475000000000003
-4.584792265050552,-4.249128961761841,1.3,1.2475000000000003
-4.584792265050552,-4.283128961761838,1.3,1.2475000000000003
-4.584792265050552,-4.317128961761835,1.3,1.2475000000000003
-4.584792265050552,-4.345128961761835,1.3,1.2475000000000003
-4.584792265050552,-4.368628961761841,1.3,1.2475000000000003
-4.584792265050552,-4.389128961761839,1.3,1.2475000000000003
-4.584792265050552,-4.408128961761838,1.3,1.2475000000000003
-4.584792265050552,-4.427128961761834,1.3,1.2475000000000003
-4.584792265050552,-4.447628961761836,1.3,1.2475000000000003
-4.584792265050552,-4.471128961761842,1.3,1.2475000000000003
-4.584792265050552,-4.499128961761841,1.3,1.2475000000000003
-4.584792265050552,-4.533128961761838,1.3,1.2475000000000003
-4.584792265050552,-4.567128961761837,1.3,1.2475000000000003
-4.584792265050552,-4.595128961761835,1.3,1.2475000000000003
-4.584792265050552,-4.618628961761839,1.3,1.2475000000000003
-4.584792265050552,-4.639128961761838,1.3,1.2475000000000003
-4.584792265050552,-4.658128961761838,1.3,1.2475000000000003
-4.584792265050552,-4.677128961761838,1.3,1.2475000000000003
-4.584792265050552,-4.6976289617618345,1.3,1.2475000000000003
-4.584792265050552,-4.72112896176184,1.3,1.2475000000000003
-4.584792265050552,-4.749128961761839,1.3,1.2475000000000003
-4.584792265050552,-4.783128961761838,1.3,1.2475000000000003
-4.584792265050552,-4.8171289617618385,1.3,1.2475000000000003
-4.584792265050552,-4.845128961761835,1.3,1.2475000000000003
-4.584792265050552,-4.868628961761839,1.3,1.2475000000000003
-4.584792265050552,-4.889128961761839,1.3,1.2475000000000003
-4.584792265050552,-4.908128961761838,1.2975000000000003,1.2475000000000003
-4.584792265050552,-4.927128961761838,1.3,1.2475000000000003
-4.584792265050552,-4.9476289617618345,1.3,1.2475000000000003
-4.584792265050552,-4.97112896176184,1.3,1.2475000000000003
-4.584792265050552,-4.999128961761841,1.3,1.2475000000000003
-4.584792265050552,-5.033128961761838,1.3,1.2475000000000003
-4.584792265050552,-5.067128961761837,1.3,1.2475000000000003
-4.584792265050552,-5.095128961761835,1.3,1.2475000000000003
-4.584792265050552,-5.118628961761839,1.3,1.2475000000000003
-4.584792265050552,-5.139128961761838,1.3,1.2475000000000003
-4.584792265050552,-5.158128961761838,1.2975000000000003,1.2475000000000003
-4.584792265050552,-5.177128961761836,1.3,1.2475000000000003
-4.584792265050552,-5.197628961761836,1.3,1.2475000000000003
-4.584792265050552,-5.22112896176184,1.3,1.2475000000000003
-4.584792265050552,-5.249128961761841,1.3,1.2475000000000003
-4.584792265050552,-5.283128961761838,1.3,1.2475000000000003
-4.584792265050552,-5.317128961761837,1.3,1.2475000000000003
-4.584792265050552,-5.345128961761835,1.3,1.2475000000000003
-4.584792265050552,-5.368628961761839,1.3,1.2475000000000003
-4.584792265050552,-5.389128961761839,1.3,1.2475000000000003
-4.584792265050552,-5.408128961761838,1.3,1.2475000000000003
-4.584792265050552,-5.427128961761836,1.3,1.2475000000000003
-4.584792265050552,-5.447628961761836,1.3,1.2475000000000003
-4.584792265050552,-5.471128961761842,1.3,1.2475000000000003
-4.584792265050552,-5.499128961761839,1.3,1.2475000000000003
-4.584792265050552,-5.533128961761838,1.3,1.2475000000000003
-4.584792265050552,-5.567128961761837,1.3,1.2475000000000003
-4.584792265050552,-5.595128961761835,1.3,1.2475000000000003
-4.584792265050552,-5.618628961761839,1.3,1.2475000000000003
-4.584792265050552,-5.639128961761839,1.3,1.2475000000000003
-4.584792265050552,-5.658128961761838,1.3,1.2475000000000003
-4.584792265050552,-5.677128961761834,1.3,1.2475000000000003
-4.584792265050552,-5.6976289617618345,1.3,1.2475000000000003
-4.584792265050552,-5.72112896176184,1.3,1.2475000000000003
-4.584792265050552,-5.749128961761841,1.3,1.2475000000000003
-4.584792265050552,-5.783128961761838,1.3,1.2475000000000003
-4.584792265050552,-5.817128961761835,1.3,1.2475000000000003
-4.584792265050552,-5.845128961761837,1.3,1.2475000000000003
-4.584792265050552,-5.868628961761841,1.3,1.2475000000000003
-4.584792265050552,-5.889128961761839,1.3,1.2475000000000003
-4.584792265050552,-5.908128961761838,1.3,1.2475000000000003
-4.584792265050552,-5.927128961761836,1.3,1.2475000000000003
-4.584792265050552,-5.947628961761836,1.3,1.2475000000000003
-4.584792265050552,-5.971128961761842,1.3,1.2475000000000003
-4.584792265050552,-5.999128961761841,1.3,1.2475000000000003
-4.584792265050552,-6.033128961761838,1.3,1.2475000000000003
-4.584792265050552,-6.067128961761835,1.3,1.2475000000000003
-4.584792265050552,-6.095128961761835,1.3,1.2475000000000003
-4.584792265050552,-6.118628961761839,1.3,1.2475000000000003
-4.584792265050552,-6.139128961761839,1.3,1.2475000000000003
-4.584792265050552,-6.158128961761838,1.2975000000000003,1.2475000000000003
-4.584792265050552,-6.177128961761838,1.3,1.2475000000000003
-4.584792265050552,-6.197628961761836,1.3,1.2475000000000003
-4.584792265050552,-6.22112896176184,1.3,1.2475000000000003
-4.584792265050552,-6.249128961761841,1.3,1.2475000000000003
-4.584792265050552,-6.283128961761838,1.3,1.2475000000000003
-4.584792265050552,-6.317128961761835,1.3,1.2475000000000003
-4.584792265050552,-6.345128961761837,1.3,1.2475000000000003
-4.584792265050552,-6.368628961761839,1.3,1.2475000000000003
-4.584792265050552,-6.389128961761838,1.3,1.2475000000000003
-4.584792265050552,-6.408128961761838,1.2975000000000003,1.2475000000000003
-4.584792265050552,-6.427128961761836,1.3,1.2475000000000003
-4.584792265050552,-6.4476289617618345,1.3,1.2475000000000003
-4.584792265050552,-6.471128961761842,1.3,1.2475000000000003
-4.584792265050552,-6.499128961761841,1.3,1.2475000000000003
-4.584792265050552,-6.533128961761838,1.3,1.2475000000000003
-4.584792265050552,-6.567128961761837,1.3,1.2475000000000003
-4.584792265050552,-6.595128961761835,1.3,1.2475000000000003
-4.584792265050552,-6.618628961761839,1.3,1.2475000000000003
-4.584792265050552,-6.639128961761838,1.3,1.2475000000000003
-4.584792265050552,-6.658128961761838,1.3,1.2475000000000003
-4.584792265050552,-6.677128961761834,1.3,1.2475000000000003
-4.584792265050552,-6.6976289617618345,1.3,1.2475000000000003
-4.584792265050552,-6.72112896176184,1.3,1.2475000000000003
-4.584792265050552,-6.749128961761841,1.3,1.2475000000000003
-4.584792265050552,-6.783128961761838,1.3,1.2475000000000003
-4.584792265050552,-6.817128961761837,1.3,1.2475000000000003
-4.584792265050552,-6.845128961761835,1.3,1.2475000000000003
-4.584792265050552,-6.868628961761839,1.3,1.2475000000000003
-4.584792265050552,-6.889128961761837,1.3,1.2475000000000003
-4.584792265050552,-6.908128961761838,1.3,1.2475000000000003
-4.584792265050552,-6.927128961761838,1.3,1.2475000000000003
-4.584792265050552,-6.947628961761836,1.3,1.2475000000000003
-4.584792265050552,-6.97112896176184,1.3,1.2475000000000003
-4.584792265050552,-6.999128961761841,1.3,1.2475000000000003
-4.584792265050552,-7.033128961761838,1.3,1.2475000000000003
-4.584792265050552,-7.067128961761837,1.3,1.2475000000000003
-4.584792265050552,-7.095128961761835,1.3,1.2475000000000003
-4.584792265050552,-7.118628961761841,1.3,1.2475000000000003
-4.584792265050552,-7.139128961761838,1.3,1.2475000000000003
-4.584792265050552,-7.158128961761838,1.2975000000000003,1.2475000000000003
-4.584792265050552,-7.177128961761836,1.3,1.2475000000000003
-4.584792265050552,-7.1976289617618345,1.3,1.2475000000000003
-4.584792265050552,-7.22112896176184,1.3,1.2475000000000003
-4.584792265050552,-7.249128961761839,1.3,1.2475000000000003
-4.584792265050552,-7.283128961761838,1.3,1.2475000000000003
-4.584792265050552,-7.317128961761837,1.3,1.2475000000000003
-4.584792265050552,-7.345128961761834,1.3,1.2475000000000003
-4.584792265050552,-7.368628961761839,1.3,1.2475000000000003
-4.584792265050552,-7.389128961761838,1.3,1.2475000000000003
-4.584792265050552,-7.408128961761838,1.2975000000000003,1.2475000000000003
-4.584792265050552,-7.427128961761836,1.3,1.2475000000000003
-4.584792265050552,-7.4476289617618345,1.3,1.2475000000000003
-4.584792265050552,-7.47112896176184,1.3,1.2475000000000003
-4.584792265050552,-7.499128961761841,1.3,1.2475000000000003
-4.584792265050552,-7.533128961761838,1.3,1.2475000000000003
-4.584792265050552,-7.567128961761837,1.3,1.2475000000000003
-4.584792265050552,-7.595128961761835,1.3,1.2475000000000003
-4.584792265050552,-7.618628961761839,1.3,1.2475000000000003
-4.584792265050552,-7.639128961761839,1.3,1.2475000000000003
-4.584792265050552,-7.658128961761838,1.3,1.2475000000000003
-4.584792265050552,-7.677128961761836,1.3,1.2475000000000003
-4.584792265050552,-7.6976289617618345,1.3,1.2475000000000003
-4.584792265050552,-7.721128961761843,1.3,1.2475000000000003
-4.584792265050552,-7.749128961761841,1.3,1.2475000000000003
-4.584792265050552,-7.783128961761838,1.3,1.2475000000000003
-4.584792265050552,-7.817128961761837,1.3,1.2475000000000003
-4.584792265050552,-7.845128961761835,1.3,1.2475000000000003
-4.584792265050552,-7.868628961761841,1.3,1.2475000000000003
-4.584792265050552,-7.889128961761838,1.3,1.2475000000000003
-4.584792265050552,-7.908128961761838,1.3,1.2475000000000003
-4.584792265050552,-7.927128961761838,1.3,1.2475000000000003
-4.584792265050552,-7.947628961761836,1.3,1.2475000000000003
-4.584792265050552,-7.97112896176184,1.3,1.2475000000000003
-4.584792265050552,-7.999128961761839,1.3,1.2475000000000003
-4.584792265050552,-8.033128961761838,1.3,1.2475000000000003
-4.584792265050552,-8.067128961761837,1.3,1.2475000000000003
-4.584792265050552,-8.095128961761835,1.3,1.2475000000000003
-4.584792265050552,-8.118628961761841,1.3,1.2475000000000003
-4.584792265050552,-8.139128961761838,1.3,1.2475000000000003
-4.584792265050552,-8.158128961761838,1.3,1.2475000000000003
-4.584792265050552,-8.177128961761838,1.3,1.2475000000000003
-4.584792265050552,-8.197628961761836,1.3,1.2475000000000003
-4.584792265050552,-8.22112896176184,1.3,1.2475000000000003
-4.584792265050552,-8.24912896176184,1.3,1.2475000000000003
-4.584792265050552,-8.283128961761838,1.3,1.2475000000000003
-4.584792265050552,-8.317128961761835,1.3,1.2475000000000003
-4.584792265050552,-8.345128961761835,1.3,1.2475000000000003
-4.584792265050552,-8.36862896176184,1.3,1.2475000000000003
-4.584792265050552,-8.38912896176184,1.3,1.2475000000000003
-4.584792265050552,-8.408128961761838,1.2975000000000003,1.2475000000000003
-4.584792265050552,-8.427128961761838,1.3,1.2475000000000003
-4.584792265050552,-8.447628961761836,1.3,1.2475000000000003
-4.584792265050552,-8.471128961761842,1.3,1.2475000000000003
-4.584792265050552,-8.49912896176184,1.3,1.2475000000000003
-4.584792265050552,-8.533128961761838,1.3,1.2475000000000003
-4.584792265050552,-8.567128961761838,1.3,1.2475000000000003
-4.584792265050552,-8.595128961761837,1.3,1.2475000000000003
-4.584792265050552,-8.61862896176184,1.3,1.2475000000000003
-4.584792265050552,-8.63912896176184,1.3,1.2475000000000003
-4.584792265050552,-8.658128961761838,1.2975000000000003,1.2475000000000003
-4.584792265050552,-8.677128961761838,1.3,1.2475000000000003
-4.584792265050552,-8.697628961761833,1.3,1.2475000000000003
-4.584792265050552,-8.72112896176184,1.3,1.2475000000000003
-4.584792265050552,-8.74912896176184,1.3,1.2475000000000003
-4.584792265050552,-8.783128961761838,1.3,1.2475000000000003
-4.584792265050552,-8.817128961761838,1.3,1.2475000000000003
-4.584792265050552,-8.845128961761837,1.3,1.2475000000000003
-4.584792265050552,-8.86862896176184,1.3,1.2475000000000003
-4.584792265050552,-8.88912896176184,1.3,1.2475000000000003
-4.584792265050552,-8.908128961761838,1.2975000000000003,1.2475000000000003
-4.584792265050552,-8.927128961761838,1.3,1.2475000000000003
-4.584792265050552,-8.947628961761836,1.3,1.2475000000000003
-4.584792265050552,-8.971128961761842,1.3,1.2475000000000003
-4.584792265050552,-8.99912896176184,1.3,1.2475000000000003
-4.584792265050552,-9.033128961761838,1.3,1.2475000000000003
-4.584792265050552,-9.067128961761837,1.3,1.2475000000000003
-4.584792265050552,-9.095128961761837,1.3,1.2475000000000003
-4.584792265050552,-9.11862896176184,1.3,1.2475000000000003
-4.584792265050552,-9.139128961761838,1.3,1.2475000000000003
-4.584792265050552,-9.158128961761838,1.3,1.2475000000000003
-4.584792265050552,-9.177128961761834,1.3,1.2475000000000003
-4.584792265050552,-9.197628961761836,1.3,1.2475000000000003
-4.584792265050552,-9.22112896176184,1.3,1.2475000000000003
-4.584792265050552,-9.24912896176184,1.3,1.2475000000000003
-4.584792265050552,-9.283128961761838,1.3,1.2475000000000003
-4.584792265050552,-9.317128961761837,1.3,1.2475000000000003
-4.584792265050552,-9.345128961761835,1.3,1.2475000000000003
-4.584792265050552,-9.368628961761841,1.3,1.2475000000000003
-4.584792265050552,-9.389128961761838,1.3,1.2475000000000003
-4.584792265050552,-9.408128961761838,1.3,1.2475000000000003
-4.584792265050552,-9.427128961761838,1.3,1.2475000000000003
-4.584792265050552,-9.447628961761836,1.3,1.2475000000000003
-4.584792265050552,-9.47112896176184,1.3,1.2475000000000003
-4.584792265050552,-9.49912896176184,1.3,1.2475000000000003
-4.584792265050552,-9.533128961761838,1.3,1.2475000000000003
-4.584792265050552,-9.567128961761835,1.3,1.2475000000000003
-4.584792265050552,-9.595128961761837,1.3,1.2475000000000003
-4.584792265050552,-9.61862896176184,1.3,1.2475000000000003
-4.584792265050552,-9.639128961761838,1.3,1.2475000000000003
-4.584792265050552,-9.658128961761838,1.3,1.2475000000000003
-4.584792265050552,-9.677128961761836,1.3,1.2475000000000003
-4.584792265050552,-9.697628961761836,1.3,1.2475000000000003
-4.584792265050552,-9.721128961761842,1.3,1.2475000000000003
-4.584792265050552,-9.74912896176184,1.3,1.2475000000000003
-4.584792265050552,-9.783128961761838,1.3,1.2475000000000003
-4.584792265050552,-9.817128961761835,1.3,1.2475000000000003
-4.584792265050552,-9.845128961761837,1.3,1.2475000000000003
-4.584792265050552,-9.86862896176184,1.3,1.2475000000000003
-4.584792265050552,-9.889128961761838,1.3,1.2475000000000003
-4.584792265050552,-9.908128961761838,1.3,1.2475000000000003
-4.584792265050552,-9.927128961761834,1.3,1.2475000000000003
-4.584792265050552,-9.947628961761833,1.3,1.2475000000000003
-4.584792265050552,-9.97112896176184,1.3,1.2475000000000003
-4.584792265050552,-9.99912896176184,1.3,1.2475000000000003
-4.584792265050552,-10.033128961761838,1.3,1.2475000000000003
-4.584792265050552,-10.067128961761835,1.3,1.2475000000000003
-4.584792265050552,-10.095128961761835,1.3,1.2475000000000003
-4.584792265050552,-10.11862896176184,1.3,1.2475000000000003
-4.584792265050552,-10.139128961761838,1.3,1.2475000000000003
-4.584792265050552,-10.158128961761838,1.3,1.2475000000000003
-4.584792265050552,-10.177128961761838,1.3,1.2475000000000003
-4.584792265050552,-10.197628961761836,1.3,1.2475000000000003
-4.584792265050552,-10.221128961761842,1.3,1.2475000000000003
-4.584792265050552,-10.24912896176184,1.3,1.2475000000000003
-4.584792265050552,-10.283128961761838,1.3,1.2475000000000003
-4.584792265050552,-10.317128961761838,1.3,1.2475000000000003
-4.584792265050552,-10.345128961761837,1.3,1.2475000000000003
-4.584792265050552,-10.36862896176184,1.3,1.2475000000000003
-4.584792265050552,-10.389128961761838,1.3,1.2475000000000003
-4.584792265050552,-10.408128961761838,1.3,1.2475000000000003
-4.584792265050552,-10.427128961761838,1.3,1.2475000000000003
-4.584792265050552,-10.447628961761836,1.3,1.2475000000000003
-4.584792265050552,-10.471128961761844,1.3,1.2475000000000003
-4.584792265050552,-10.49912896176184,1.3,1.2475000000000003
-4.025792265050553,-11.529878961761838,2.5400000000000005,1.2325000000000002
-3.747792265050555,-11.675528961761836,2.0850000000000004,1.2425000000000002
-3.309792265050552,-11.733128961761839,1.8975000000000002,1.225
-3.2757922650505535,-11.733128961761839,1.8975000000000002,1.225
-3.2477922650505544,-11.73312896176184,1.8975000000000002,1.225
-3.2242922650505497,-11.733128961761839,1.8975000000000002,1.225
-3.2037922650505513,-11.733128961761839,1.8975000000000002,1.225
-3.184792265050552,-11.733128961761839,1.8975000000000002,1.225
-3.1657922650505532,-11.733128961761839,1.8975000000000002,1.225
-3.145292265050555,-11.733128961761839,1.8975000000000002,1.225
-3.121792265050549,-11.733128961761839,1.8975000000000002,1.225
-3.0937922650505505,-11.733128961761839,1.8975000000000002,1.225
-3.059792265050552,-11.733128961761839,1.8975000000000002,1.225
-3.025792265050554,-11.733128961761839,1.8975000000000002,1.225
-2.9977922650505544,-11.73312896176184,1.8975000000000002,1.225
-2.974292265050549,-11.733128961761839,1.8975000000000002,1.225
-2.9537922650505513,-11.733128961761839,1.8975000000000002,1.225
-2.934792265050552,-11.733128961761839,1.8975000000000002,1.225
-2.9157922650505532,-11.733128961761839,1.8975000000000002,1.225
-2.895292265050555,-11.733128961761839,1.8975000000000002,1.225
-2.871792265050549,-11.733128961761839,1.8975000000000002,1.225
-2.8437922650505505,-11.733128961761839,1.8975000000000002,1.225
-2.809792265050552,-11.733128961761839,1.8975000000000002,1.225
-2.775792265050553,-11.733128961761839,1.8975000000000002,1.225
-2.7477922650505544,-11.73312896176184,1.8975000000000002,1.225
-2.7242922650505497,-11.733128961761839,1.8975000000000002,1.225
-2.7037922650505513,-11.733128961761839,1.8975000000000002,1.225
-2.684792265050552,-11.733128961761839,1.8975000000000002,1.225
-2.6657922650505537,-11.733128961761839,1.8975000000000002,1.225
-2.645292265050555,-11.733128961761839,1.8975000000000002,1.225
-2.6217922650505483,-11.733128961761839,1.8975000000000002,1.225
-2.5937922650505505,-11.733128961761839,1.8975000000000002,1.225
-2.559792265050552,-11.733128961761839,1.8975000000000002,1.225
-2.525792265050554,-11.733128961761839,1.8975000000000002,1.225
-2.4977922650505553,-11.73312896176184,1.8975000000000002,1.225
-2.4742922650505506,-11.733128961761839,1.8975000000000002,1.225
-2.4537922650505513,-11.733128961761839,1.8975000000000002,1.225
-2.434792265050552,-11.733128961761839,1.8975000000000002,1.225
-2.415792265050553,-11.733128961761839,1.8975000000000002,1.225
-2.3952922650505544,-11.733128961761839,1.8975000000000002,1.225
-2.3717922650505487,-11.733128961761839,1.8975000000000002,1.225
-2.34379226505055,-11.733128961761839,1.8975000000000002,1.225
-2.309792265050552,-11.733128961761839,1.8975000000000002,1.225
-2.275792265050554,-11.733128961761839,1.8975000000000002,1.225
-2.2477922650505553,-11.73312896176184,1.8975000000000002,1.225
-2.2242922650505497,-11.733128961761839,1.8975000000000002,1.225
-2.2037922650505513,-11.733128961761839,1.8975000000000002,1.225
-2.184792265050552,-11.733128961761839,1.8975000000000002,1.225
-2.1657922650505537,-11.733128961761839,1.8975000000000002,1.225
-2.1452922650505544,-11.733128961761839,1.8975000000000002,1.225
-2.1217922650505487,-11.733128961761839,1.8975000000000002,1.225
-2.09379226505055,-11.733128961761839,1.8975000000000002,1.225
-2.059792265050552,-11.733128961761839,1.8975000000000002,1.225
-2.025792265050553,-11.733128961761839,1.8975000000000002,1.225
-1.9977922650505553,-11.73312896176184,1.8975000000000002,1.225
-1.9742922650505506,-11.733128961761839,1.8975000000000002,1.225
-1.9537922650505513,-11.733128961761839,1.8975000000000002,1.225
-1.934792265050552,-11.733128961761839,1.8975000000000002,1.225
-1.9157922650505528,-11.733128961761839,1.8975000000000002,1.225
-1.8952922650505544,-11.733128961761839,1.8975000000000002,1.225
-1.8717922650505487,-11.733128961761839,1.8975000000000002,1.225
-1.84379226505055,-11.733128961761839,1.8975000000000002,1.225
-1.809792265050552,-11.733128961761839,1.8975000000000002,1.225
-1.775792265050553,-11.733128961761839,1.8975000000000002,1.225
-1.7477922650505553,-11.73312896176184,1.8975000000000002,1.225
-1.7242922650505506,-11.733128961761839,1.8975000000000002,1.225
-1.7037922650505513,-11.733128961761839,1.8975000000000002,1.225
-1.684792265050552,-11.733128961761839,1.8975000000000002,1.225
-1.6657922650505528,-11.733128961761839,1.8975000000000002,1.225
-1.6452922650505544,-11.733128961761839,1.8975000000000002,1.225
-1.6217922650505479,-11.733128961761839,1.8975000000000002,1.225
-1.59379226505055,-11.733128961761839,1.8975000000000002,1.225
-1.559792265050552,-11.733128961761839,1.8975000000000002,1.225
-1.525792265050554,-11.733128961761839,1.8975000000000002,1.225
-1.4977922650505544,-11.73312896176184,1.8975000000000002,1.225
-1.4742922650505488,-11.733128961761839,1.8975000000000002,1.225
-1.4537922650505521,-11.733128961761839,1.8975000000000002,1.225
-1.434792265050552,-11.733128961761839,1.8975000000000002,1.225
-1.4157922650505537,-11.733128961761839,1.8975000000000002,1.225
-1.3952922650505553,-11.733128961761839,1.8975000000000002,1.225
-1.3717922650505487,-11.733128961761839,1.8975000000000002,1.225
-1.34379226505055,-11.733128961761839,1.8975000000000002,1.225
-1.309792265050552,-11.733128961761839,1.8975000000000002,1.225
-1.2757922650505549,-11.733128961761839,1.8975000000000002,1.225
-1.2477922650505553,-11.73312896176184,1.8975000000000002,1.225
-1.2242922650505506,-11.733128961761839,1.8975000000000002,1.225
-1.2037922650505513,-11.733128961761839,1.8975000000000002,1.225
-1.184792265050552,-11.733128961761839,1.8975000000000002,1.225
-1.1657922650505528,-11.733128961761839,1.8975000000000002,1.225
-1.1452922650505544,-11.733128961761839,1.8975000000000002,1.225
-1.1217922650505487,-11.733128961761839,1.8975000000000002,1.225
-1.09379226505055,-11.733128961761839,1.8975000000000002,1.225
-1.059792265050552,-11.733128961761839,1.8975000000000002,1.225
-1.025792265050554,-11.733128961761839,1.8975000000000002,1.225
-0.9977922650505553,-11.73312896176184,1.8975000000000002,1.225
-0.9742922650505497,-11.733128961761839,1.8975000000000002,1.225
-0.9537922650505513,-11.733128961761839,1.8975000000000002,1.225
-0.934792265050552,-11.733128961761839,1.8975000000000002,1.225
-0.9157922650505537,-11.733128961761839,1.8975000000000002,1.225
-0.8952922650505535,-11.733128961761839,1.8975000000000002,1.225
-0.8717922650505487,-11.733128961761839,1.8975000000000002,1.225
-0.8437922650505492,-11.733128961761839,1.8975000000000002,1.225
-0.809792265050552,-11.733128961761839,1.8975000000000002,1.225
-0.7757922650505531,-11.733128961761839,1.8975000000000002,1.225
-0.7477922650505544,-11.73312896176184,1.8975000000000002,1.225
-0.7242922650505497,-11.733128961761839,1.8975000000000002,1.225
-0.7037922650505513,-11.733128961761839,1.8975000000000002,1.225
-0.684792265050552,-11.733128961761839,1.8975000000000002,1.225
-0.6657922650505528,-11.733128961761839,1.8975000000000002,1.225
-0.6452922650505553,-11.733128961761839,1.8975000000000002,1.225
-0.6217922650505479,-11.733128961761839,1.8975000000000002,1.225
-0.59379226505055,-11.733128961761839,1.8975000000000002,1.225
-0.559792265050552,-11.733128961761839,1.8975000000000002,1.225
-0.525792265050554,-11.733128961761839,1.8975000000000002,1.225
-0.4977922650505535,-11.73312896176184,1.8975000000000002,1.225
-0.47429226505054967,-11.733128961761839,1.8975000000000002,1.225
-0.45379226505055037,-11.733128961761839,1.8975000000000002,1.225
-0.434792265050552,-11.733128961761839,1.8975000000000002,1.225
-0.4157922650505528,-11.733128961761839,1.8975000000000002,1.225
-0.39529226505055437,-11.733128961761839,1.8975000000000002,1.225
-0.2347922650505554,-11.728128961761843,1.9175000000000002,1.2275
-0.19729226505054864,-11.723003961761838,1.9300000000000002,1.2275
-0.1597922650505499,-11.717128961761839,1.9375,1.2225000000000001
-0.12229226505055202,-11.711253961761837,1.9400000000000004,1.215
