0.2028814912683785,-20.766658908230774,5.15,1.0950000000000002
0.26750649126838333,-20.76665890823078,5.1450000000000005,1.1
0.3261314912683808,-20.76665890823078,5.1450000000000005,1.1
0.3795064912683852,-20.766658908230788,5.1450000000000005,1.1
0.4283814912683823,-20.76665890823078,5.1450000000000005,1.1
0.4735064912683793,-20.766658908230774,5.15,1.0950000000000002
0.5156314912683815,-20.76665890823078,5.1450000000000005,1.1
0.5555064912683818,-20.76665890823078,5.1450000000000005,1.1
0.5938814912683839,-20.766658908230788,5.1450000000000005,1.1
0.6315064912683823,-20.76665890823078,5.1450000000000005,1.1
0.6691314912683808,-20.76665890823078,5.1450000000000005,1.1
0.7075064912683828,-20.76665890823078,5.1450000000000005,1.1
0.7473814912683814,-20.76665890823078,5.1450000000000005,1.1
0.7895064912683836,-20.76665890823078,5.1450000000000005,1.1
0.8346314912683823,-20.76665890823078,5.1450000000000005,1.1
0.883506491268383,-20.76665890823078,5.1450000000000005,1.1
0.936881491268382,-20.76665890823078,5.1450000000000005,1.1
0.9955064912683795,-20.76665890823078,5.1450000000000005,1.1
1.0601314912683826,-20.76665890823078,5.1450000000000005,1.1
1.1315064912683823,-20.76665890823078,5.1450000000000005,1.1
1.202881491268382,-20.76665890823078,5.1450000000000005,1.1
1.2675064912683798,-20.76665890823078,5.1450000000000005,1.1
1.3261314912683808,-20.76665890823078,5.1450000000000005,1.1
1.3795064912683834,-20.76665890823078,5.1450000000000005,1.1
1.4283814912683823,-20.76665890823078,5.1450000000000005,1.1
1.4735064912683828,-20.76665890823078,5.1450000000000005,1.1
1.5156314912683815,-20.766658908230788,5.1450000000000005,1.1
1.5555064912683818,-20.76665890823078,5.1450000000000005,1.1
1.593881491268382,-20.76665890823078,5.1450000000000005,1.1
1.6315064912683823,-20.76665890823078,5.1450000000000005,1.1
1.6691314912683808,-20.76665890823078,5.1450000000000005,1.1
1.707506491268381,-20.76665890823078,5.1450000000000005,1.1
1.7473814912683814,-20.76665890823078,5.1450000000000005,1.1
1.78950649126838,-20.76665890823078,5.1450000000000005,1.1
1.8346314912683823,-20.76665890823078,5.1450000000000005,1.1
1.8835064912683848,-20.76665890823078,5.1450000000000005,1.1
1.936881491268382,-20.76665890823078,5.1450000000000005,1.1
1.995506491268383,-20.76665890823078,5.1450000000000005,1.1
2.0601314912683844,-20.76665890823078,5.1450000000000005,1.1
2.1315064912683823,-20.76665890823078,5.1450000000000005,1.1
2.2028814912683785,-20.76665890823078,5.1450000000000005,1.1
2.2675064912683798,-20.76665890823078,5.1450000000000005,1.1
2.326131491268381,-20.76665890823078,5.1450000000000005,1.1
2.3795064912683834,-20.766658908230774,5.15,1.0950000000000002
2.4283814912683823,-20.76665890823078,5.1450000000000005,1.1
2.473506491268383,-20.766658908230788,5.1450000000000005,1.1
2.5156314912683815,-20.766658908230788,5.1450000000000005,1.1
2.55550649126838,-20.76665890823078,5.1450000000000005,1.1
2.593881491268382,-20.76665890823078,5.1450000000000005,1.1
2.6315064912683823,-20.76665890823078,5.1450000000000005,1.1
2.669131491268381,-20.76665890823078,5.1450000000000005,1.1
2.707506491268381,-20.76665890823078,5.1450000000000005,1.1
2.7473814912683814,-20.76665890823078,5.1450000000000005,1.1
2.7895064912683836,-20.76665890823078,5.1450000000000005,1.1
2.8346314912683823,-20.76665890823078,5.1450000000000005,1.1
2.8835064912683794,-20.76665890823078,5.1450000000000005,1.1
2.9368814912683803,-20.76665890823078,5.1450000000000005,1.1
2.9955064912683795,-20.76665890823078,5.1450000000000005,1.1
3.060131491268381,-20.76665890823078,5.1450000000000005,1.1
3.1315064912683823,-20.76665890823078,5.1450000000000005,1.1
3.2028814912683785,-20.76665890823078,5.1450000000000005,1.1
3.2675064912683833,-20.76665890823078,5.1450000000000005,1.1
3.326131491268381,-20.76665890823078,5.1450000000000005,1.1
3.37950649126838,-20.766658908230774,5.15,1.0950000000000002
3.4283814912683823,-20.76665890823078,5.1450000000000005,1.1
3.473506491268383,-20.766658908230788,5.1450000000000005,1.1
3.5156314912683815,-20.766658908230788,5.1450000000000005,1.1
3.55550649126838,-20.76665890823078,5.1450000000000005,1.1
3.593881491268382,-20.76665890823078,5.1450000000000005,1.1
3.6315064912683823,-20.76665890823078,5.1450000000000005,1.1
3.669131491268381,-20.76665890823078,5.1450000000000005,1.1
3.707506491268381,-20.76665890823078,5.1450000000000005,1.1
3.7473814912683814,-20.76665890823078,5.1450000000000005,1.1
3.7895064912683836,-20.76665890823078,5.1450000000000005,1.1
3.8346314912683823,-20.76665890823078,5.1450000000000005,1.1
3.8835064912683794,-20.76665890823078,5.1450000000000005,1.1
3.936881491268382,-20.76665890823078,5.1450000000000005,1.1
3.9955064912683795,-20.76665890823078,5.1450000000000005,1.1
4.060131491268381,-20.76665890823078,5.1450000000000005,1.1
4.131506491268382,-20.76665890823078,5.1450000000000005,1.1
4.2028814912683785,-20.76665890823078,5.1450000000000005,1.1
4.267506491268383,-20.76665890823078,5.1450000000000005,1.1
4.326131491268381,-20.766658908230788,5.1450000000000005,1.1
4.37950649126838,-20.766658908230774,5.15,1.0950000000000002
4.428381491268382,-20.76665890823078,5.1450000000000005,1.1
4.473506491268381,-20.766658908230788,5.1450000000000005,1.1
4.5156314912683815,-20.76665890823078,5.1450000000000005,1.1
4.555506491268382,-20.76665890823078,5.1450000000000005,1.1
4.59388149126838,-20.76665890823078,5.1450000000000005,1.1
4.631506491268382,-20.76665890823078,5.1450000000000005,1.1
4.669131491268384,-20.76665890823078,5.1450000000000005,1.1
4.707506491268379,-20.766658908230788,5.1450000000000005,1.1
4.747381491268381,-20.76665890823078,5.1450000000000005,1.1
4.78950649126838,-20.76665890823078,5.1450000000000005,1.1
4.834631491268382,-20.76665890823078,5.1450000000000005,1.1
4.883506491268381,-20.76665890823078,5.1450000000000005,1.1
4.93688149126838,-20.76665890823078,5.1450000000000005,1.1
4.995506491268383,-20.76665890823078,5.1450000000000005,1.1
5.060131491268383,-20.76665890823078,5.1450000000000005,1.1
5.131506491268382,-20.76665890823078,5.15,1.1
5.631506491268382,-20.804158908230782,5.135000000000001,1.1400000000000001
5.669131491268384,-20.807496408230783,5.120000000000001,1.1400000000000001
5.707506491268379,-20.809858908230783,5.11,1.1400000000000001
5.747381491268385,-20.811021408230786,5.105,1.1400000000000001
5.789506491268384,-20.810758908230785,5.105,1.1400000000000001
5.834631491268382,-20.80884640823078,5.115000000000001,1.1400000000000001
5.883506491268381,-20.805058908230784,5.130000000000001,1.1400000000000001
5.936881491268384,-20.799171408230777,5.155000000000001,1.1400000000000001
5.9955064912683795,-20.79095890823078,5.1850000000000005,1.1350000000000002
6.834631491268382,-20.66822140823078,5.245000000000001,1.0
6.883506491268381,-20.667458908230778,5.245000000000001,1.0
6.93688149126838,-20.66699640823078,5.245000000000001,1.0
6.995506491268383,-20.66675890823078,5.245000000000001,1.0
7.060131491268383,-20.666671408230776,5.245000000000001,1.0
7.131506491268382,-20.66665890823078,5.25,1.0
7.2028814912683785,-20.666658908230776,5.25,0.9950000000000001
7.2675064912683816,-20.66665890823078,5.245000000000001,1.0
7.326131491268384,-20.66665890823078,5.245000000000001,1.0
7.379506491268383,-20.66665890823078,5.245000000000001,1.0
7.428381491268382,-20.66665890823078,5.245000000000001,1.0
7.473506491268381,-20.66665890823078,5.245000000000001,1.0
7.515631491268383,-20.66665890823078,5.245000000000001,1.0
7.555506491268382,-20.66665890823078,5.245000000000001,1.0
7.593881491268384,-20.66665890823078,5.245000000000001,1.0
7.631506491268382,-20.66665890823078,5.245000000000001,1.0
7.669131491268384,-20.666658908230787,5.245000000000001,1.0
7.707506491268379,-20.66665890823078,5.245000000000001,1.0
7.747381491268385,-20.66665890823078,5.245000000000001,1.0
7.789506491268387,-20.66665890823078,5.245000000000001,1.0
7.834631491268382,-20.66665890823078,5.245000000000001,1.0
7.883506491268381,-20.66665890823078,5.245000000000001,1.0
7.93688149126838,-20.66665890823078,5.245000000000001,1.0
7.995506491268383,-20.66665890823078,5.245000000000001,1.0
8.060131491268383,-20.66665890823078,5.245000000000001,1.0
8.131506491268382,-20.66665890823078,5.245000000000001,1.0
8.202881491268382,-20.66665890823078,5.245000000000001,1.0
8.267506491268378,-20.66665890823078,5.245000000000001,1.0
8.326131491268384,-20.66665890823078,5.245000000000001,1.0
8.37950649126838,-20.666658908230776,5.25,0.9950000000000001
8.428381491268382,-20.66665890823078,5.245000000000001,1.0
8.473506491268381,-20.66665890823078,5.245000000000001,1.0
8.515631491268383,-20.66665890823078,5.245000000000001,1.0
8.555506491268382,-20.66665890823078,5.245000000000001,1.0
8.593881491268384,-20.666658908230776,5.25,0.9950000000000001
8.631506491268382,-20.66665890823078,5.245000000000001,1.0
8.66913149126838,-20.66665890823078,5.245000000000001,1.0
8.707506491268383,-20.66665890823078,5.245000000000001,1.0
8.747381491268385,-20.66665890823078,5.245000000000001,1.0
8.78950649126838,-20.66665890823078,5.245000000000001,1.0
8.834631491268382,-20.66665890823078,5.245000000000001,1.0
8.883506491268381,-20.66665890823078,5.245000000000001,1.0
8.93688149126838,-20.66665890823078,5.245000000000001,1.0
8.99550649126838,-20.66665890823078,5.245000000000001,1.0
9.060131491268379,-20.66665890823078,5.245000000000001,1.0
9.131506491268382,-20.66665890823078,5.245000000000001,1.0
9.202881491268386,-20.66665890823078,5.245000000000001,1.0
9.267506491268385,-20.66665890823078,5.245000000000001,1.0
9.32613149126838,-20.66665890823078,5.245000000000001,1.0
9.37950649126838,-20.666658908230776,5.25,0.9950000000000001
9.428381491268382,-20.66665890823078,5.245000000000001,1.0
9.473506491268385,-20.66665890823078,5.245000000000001,1.0
9.515631491268383,-20.66665890823078,5.245000000000001,1.0
9.555506491268382,-20.66665890823078,5.245000000000001,1.0
9.593881491268384,-20.666658908230776,5.25,0.9950000000000001
9.631506491268382,-20.66665890823078,5.245000000000001,1.0
9.66913149126838,-20.66665890823078,5.245000000000001,1.0
9.707506491268383,-20.66665890823078,5.245000000000001,1.0
9.747381491268385,-20.66665890823078,5.245000000000001,1.0
9.78950649126838,-20.66665890823078,5.245000000000001,1.0
9.834631491268382,-20.66665890823078,5.245000000000001,1.0
9.883506491268381,-20.66665890823078,5.245000000000001,1.0
9.93688149126838,-20.66665890823078,5.245000000000001,1.0
9.99550649126838,-20.66665890823078,5.245000000000001,1.0
10.060131491268383,-20.66665890823078,5.245000000000001,1.0
10.131506491268382,-20.66665890823078,5.245000000000001,1.0
10.202881491268386,-20.66665890823078,5.245000000000001,1.0
10.267506491268385,-20.66665890823078,5.245000000000001,1.0
10.326131491268384,-20.66665890823078,5.245000000000001,1.0
10.379506491268383,-20.666658908230776,5.25,0.9950000000000001
10.428381491268382,-20.66665890823078,5.245000000000001,1.0
10.473506491268385,-20.66665890823078,5.245000000000001,1.0
10.515631491268383,-20.66665890823078,5.245000000000001,1.0
10.555506491268382,-20.66665890823078,5.245000000000001,1.0
10.593881491268384,-20.666658908230776,5.25,0.9950000000000001
10.631506491268382,-20.66665890823078,5.245000000000001,1.0
10.66913149126838,-20.66665890823078,5.245000000000001,1.0
10.707506491268383,-20.66665890823078,5.245000000000001,1.0
10.747381491268381,-20.66665890823078,5.245000000000001,1.0
10.78950649126838,-20.66665890823078,5.245000000000001,1.0
10.834631491268382,-20.66665890823078,5.245000000000001,1.0
10.883506491268385,-20.66665890823078,5.245000000000001,1.0
10.93688149126838,-20.66665890823078,5.245000000000001,1.0
10.99550649126838,-20.66665890823078,5.245000000000001,1.0
11.060131491268383,-20.66665890823078,5.245000000000001,1.0
11.131506491268382,-20.66665890823078,5.245000000000001,1.0
11.202881491268386,-20.66665890823078,5.245000000000001,1.0
11.267506491268378,-20.66665890823078,5.245000000000001,1.0
11.32613149126838,-20.66665890823078,5.245000000000001,1.0
11.37950649126838,-20.666658908230776,5.25,0.9950000000000001
11.428381491268382,-20.66665890823078,5.245000000000001,1.0
11.473506491268385,-20.66665890823078,5.245000000000001,1.0
11.515631491268383,-20.66665890823078,5.245000000000001,1.0
11.555506491268382,-20.66665890823078,5.245000000000001,1.0
11.593881491268384,-20.666658908230776,5.25,0.9950000000000001
11.631506491268382,-20.66665890823078,5.245000000000001,1.0
11.66913149126838,-20.66665890823078,5.245000000000001,1.0
11.707506491268383,-20.66665890823078,5.245000000000001,1.0
11.747381491268385,-20.66665890823078,5.245000000000001,1.0
11.78950649126838,-20.66665890823078,5.245000000000001,1.0
11.834631491268382,-20.66665890823078,5.245000000000001,1.0
11.883506491268385,-20.66665890823078,5.245000000000001,1.0
11.93688149126838,-20.66665890823078,5.245000000000001,1.0
11.99550649126838,-20.66665890823078,5.245000000000001,1.0
12.060131491268383,-20.66665890823078,5.245000000000001,1.0
12.131506491268382,-20.66665890823078,5.25,1.0
12.202881491268386,-20.66629640823078,5.25,0.9950000000000001
12.267506491268385,-20.66525890823078,5.25,0.9950000000000001
12.32613149126838,-20.66362140823078,5.255000000000001,0.9950000000000001
12.37950649126838,-20.661458908230777,5.260000000000001,0.9950000000000001
12.428381491268382,-20.65884640823078,5.265000000000001,0.9900000000000001
12.473506491268385,-20.65585890823078,5.2700000000000005,0.9900000000000001
12.515631491268383,-20.652571408230777,5.280000000000001,0.9850000000000002
12.555506491268382,-20.649058908230778,5.285,0.9850000000000002
12.59388149126838,-20.645396408230773,5.295000000000001,0.9800000000000001
12.631506491268382,-20.64165890823078,5.300000000000001,0.9750000000000001
12.66913149126838,-20.637921408230774,5.300000000000001,0.9750000000000001
12.707506491268383,-20.63425890823078,5.300000000000001,0.9700000000000002
13.202881491268386,-20.616658908230782,5.295000000000001,0.9500000000000001
13.267506491268382,-20.616658908230782,5.295000000000001,0.9500000000000001
13.326131491268384,-20.616658908230782,5.295000000000001,0.9500000000000001
13.37950649126838,-20.616658908230782,5.295000000000001,0.9500000000000001
13.428381491268382,-20.616658908230782,5.295000000000001,0.9500000000000001
13.473506491268385,-20.616658908230786,5.295000000000001,0.9500000000000001
13.515631491268387,-20.616658908230782,5.295000000000001,0.9500000000000001
13.555506491268385,-20.616658908230782,5.295000000000001,0.9500000000000001
13.593881491268384,-20.616658908230775,5.300000000000001,0.9450000000000002
13.631506491268382,-20.616658908230782,5.295000000000001,0.9500000000000001
13.66913149126838,-20.616658908230775,5.300000000000001,0.9450000000000002
13.707506491268383,-20.616658908230782,5.295000000000001,0.9500000000000001
13.747381491268385,-20.616658908230786,5.295000000000001,0.9500000000000001
13.789506491268384,-20.616658908230782,5.295000000000001,0.9500000000000001
13.834631491268382,-20.616658908230782,5.295000000000001,0.9500000000000001
13.883506491268385,-20.616658908230782,5.295000000000001,0.9500000000000001
13.936881491268384,-20.616658908230782,5.295000000000001,0.9500000000000001
13.99550649126838,-20.616658908230782,5.295000000000001,0.9500000000000001
14.060131491268383,-20.616658908230782,5.295000000000001,0.9500000000000001
14.131506491268382,-20.616658908230782,5.295000000000001,0.9500000000000001
14.202881491268382,-20.616658908230782,5.295000000000001,0.9500000000000001
14.267506491268385,-20.616658908230782,5.295000000000001,0.9500000000000001
14.326131491268384,-20.616658908230782,5.295000000000001,0.9500000000000001
14.379506491268383,-20.616658908230782,5.295000000000001,0.9500000000000001
14.428381491268382,-20.616658908230782,5.295000000000001,0.9500000000000001
14.473506491268385,-20.616658908230786,5.295000000000001,0.9500000000000001
14.515631491268383,-20.616658908230782,5.295000000000001,0.9500000000000001
14.555506491268382,-20.616658908230782,5.295000000000001,0.9500000000000001
14.593881491268373,-20.616658908230775,5.300000000000001,0.9450000000000002
14.631506491268382,-20.616658908230782,5.295000000000001,0.9500000000000001
14.66913149126838,-20.616658908230775,5.300000000000001,0.9450000000000002
14.707506491268383,-20.616658908230782,5.295000000000001,0.9500000000000001
14.747381491268381,-20.616658908230786,5.295000000000001,0.9500000000000001
14.78950649126838,-20.616658908230782,5.295000000000001,0.9500000000000001
14.834631491268382,-20.616658908230782,5.295000000000001,0.9500000000000001
14.883506491268381,-20.616658908230782,5.295000000000001,0.9500000000000001
14.93688149126838,-20.616658908230782,5.295000000000001,0.9500000000000001
14.99550649126838,-20.616658908230782,5.295000000000001,0.9500000000000001
15.060131491268383,-20.616658908230782,5.295000000000001,0.9500000000000001
15.93688149126838,-20.730452658230778,5.665000000000001,1.1600000000000001
16.131506491268382,-20.616658908230782,6.415000000000001,1.1450000000000002
16.202881491268382,-20.56667765823078,6.53,1.0950000000000002
16.267506491268385,-20.521308908230772,6.595000000000001,1.0450000000000002
16.326131491268377,-20.479915158230774,6.665000000000001,0.9950000000000001
16.37950649126838,-20.441858908230788,6.735000000000001,0.9500000000000001
16.428381491268382,-20.40650265823078,6.82,0.915
16.473506491268385,-20.37320890823078,6.865000000000001,0.9050000000000001
16.515631491268383,-20.34134015823077,6.840000000000001,0.91
16.55550649126838,-20.310258908230786,6.83,0.9200000000000002
16.59388149126838,-20.27932765823078,6.835000000000001,0.9200000000000002
16.631506491268382,-20.24790890823078,6.790000000000001,0.925
16.669131491268384,-20.215365158230778,6.790000000000001,0.9300000000000002
16.707506491268383,-20.18105890823078,6.800000000000001,0.9300000000000002
16.74738149126838,-20.14435265823078,6.795000000000001,0.925
16.78950649126838,-20.10460890823078,6.785000000000001,0.9500000000000001
16.834631491268382,-20.06119015823078,6.760000000000002,0.935
16.88350649126838,-20.01345890823078,6.775,0.9300000000000002
16.93688149126838,-19.960777658230775,6.760000000000002,0.9300000000000002
16.99550649126838,-19.90250890823078,6.78,0.9400000000000001
17.060131491268383,-19.83801515823078,6.75,0.9450000000000002
17.131506491268382,-19.76665890823078,6.775,0.925
18.021775241268383,-18.83803390823078,4.32,1.1050000000000002
18.03150649126838,-18.76665890823078,4.275,1.1050000000000002
18.038637741268385,-18.695283908230785,4.260000000000001,1.0600000000000003
18.04505649126838,-18.630658908230778,4.255000000000001,1.0150000000000001
18.05080024126838,-18.57203390823078,4.25,0.9700000000000002
18.05590649126838,-18.518658908230783,4.240000000000001,0.925
18.060412741268383,-18.46978390823078,4.235,0.8800000000000001
18.064356491268384,-18.424658908230775,4.23,0.885
18.067775241268386,-18.38253390823078,4.2250000000000005,0.885
18.070706491268382,-18.34265890823078,4.220000000000001,0.8900000000000001
18.07318774126838,-18.30428390823078,4.215000000000001,0.8900000000000001
18.075256491268384,-18.26665890823078,4.21,0.8900000000000001
18.07695024126838,-18.229033908230775,4.205000000000001,0.8950000000000001
18.078306491268386,-18.190658908230773,4.205000000000001,0.8950000000000001
18.07936274126839,-18.15078390823078,4.2,0.8950000000000001
18.08015649126838,-18.10865890823078,4.2,0.8950000000000001
18.080725241268382,-18.06353390823078,4.2,0.8950000000000001
18.081106491268386,-18.01465890823078,4.2,0.8950000000000001
18.08133774126838,-17.96128390823078,4.2,0.8950000000000001
18.081456491268376,-17.902658908230784,4.2,0.8950000000000001
18.08150024126838,-17.83803390823078,4.2,0.8950000000000001
18.08150649126838,-17.76665890823078,4.2,0.9
18.08150649126839,-17.695283908230778,4.195,0.9
18.08150649126838,-17.630658908230778,4.195,0.9
18.081506491268378,-17.57203390823078,4.2,0.8950000000000001
18.08150649126838,-17.518658908230783,4.195,0.9
18.08150649126838,-17.46978390823078,4.195,0.9
18.08150649126838,-17.424658908230782,4.195,0.9
18.08150649126838,-17.382533908230776,4.195,0.9
18.08150649126838,-17.34265890823078,4.195,0.9
18.08150649126838,-17.30428390823078,4.195,0.9
18.08150649126838,-17.26665890823078,4.195,0.9
18.08150649126838,-17.229033908230775,4.195,0.9
18.08150649126838,-17.19065890823078,4.195,0.9
18.08150649126838,-17.15078390823078,4.195,0.9
18.08150649126838,-17.108658908230776,4.195,0.9
18.08150649126838,-17.06353390823078,4.195,0.9
18.08150649126838,-17.014658908230782,4.195,0.9
18.08150649126838,-16.961283908230776,4.195,0.9
18.08150649126838,-16.902658908230777,4.195,0.9
18.081506491268378,-16.83803390823078,4.2,0.8950000000000001
18.08150649126838,-16.76665890823078,4.195,0.9
18.08150649126839,-16.695283908230778,4.195,0.9
18.08150649126838,-16.630658908230778,4.195,0.9
18.081506491268378,-16.57203390823078,4.2,0.8950000000000001
18.08150649126838,-16.518658908230783,4.195,0.9
18.08150649126838,-16.46978390823078,4.195,0.9
18.08150649126838,-16.42465890823078,4.195,0.9
18.08150649126838,-16.382533908230776,4.195,0.9
18.08150649126838,-16.34265890823078,4.195,0.9
18.08150649126838,-16.30428390823078,4.195,0.9
18.08150649126838,-16.26665890823078,4.195,0.9
18.08150649126838,-16.229033908230775,4.195,0.9
18.08150649126838,-16.19065890823078,4.195,0.9
18.08150649126838,-16.15078390823078,4.195,0.9
18.08150649126838,-16.10865890823078,4.195,0.9
18.08150649126838,-16.06353390823078,4.195,0.9
18.08150649126838,-16.014658908230782,4.195,0.9
18.08150649126838,-15.961283908230776,4.195,0.9
18.08150649126838,-15.902658908230782,4.195,0.9
18.081506491268378,-15.83803390823078,4.2,0.8950000000000001
18.08150649126838,-15.76665890823078,4.195,0.9
18.08150649126839,-15.69528390823078,4.195,0.9
18.08150649126838,-15.630658908230776,4.195,0.9
18.081506491268378,-15.572033908230779,4.2,0.8950000000000001
18.08150649126838,-15.518658908230778,4.195,0.9
18.08150649126838,-15.46978390823078,4.195,0.9
18.08150649126838,-15.424658908230782,4.195,0.9
18.08150649126838,-15.382533908230776,4.195,0.9
18.08150649126838,-15.34265890823078,4.195,0.9
18.08150649126838,-15.304283908230778,4.195,0.9
18.08150649126838,-15.26665890823078,4.195,0.9
18.08150649126838,-15.229033908230777,4.195,0.9
18.08150649126838,-15.190658908230775,4.195,0.9
18.08150649126838,-15.15078390823078,4.195,0.9
18.08150649126838,-15.108658908230781,4.195,0.9
18.08150649126838,-15.06353390823078,4.195,0.9
18.08150649126838,-15.014658908230778,4.195,0.9
18.08150649126838,-14.961283908230776,4.195,0.9
18.08150649126838,-14.902658908230782,4.195,0.9
18.081506491268378,-14.838033908230784,4.2,0.8950000000000001
18.08150649126838,-14.76665890823078,4.195,0.9
18.08150649126839,-14.69528390823078,4.195,0.9
18.08150649126838,-14.630658908230776,4.195,0.9
18.081506491268378,-14.572033908230784,4.2,0.8950000000000001
18.08150649126838,-14.518658908230778,4.195,0.9
18.08150649126838,-14.46978390823078,4.195,0.9
18.08150649126838,-14.424658908230779,4.195,0.9
18.08150649126838,-14.38253390823078,4.195,0.9
18.08150649126838,-14.342658908230781,4.195,0.9
18.08150649126838,-14.30428390823078,4.195,0.9
18.08150649126838,-14.26665890823078,4.195,0.9
18.08150649126838,-14.229033908230777,4.195,0.9
18.08150649126838,-14.190658908230779,4.195,0.9
18.08150649126838,-14.15078390823078,4.195,0.9
18.08150649126838,-14.108658908230781,4.195,0.9
18.08150649126838,-14.06353390823078,4.195,0.9
18.08150649126838,-14.014658908230782,4.195,0.9
18.08150649126838,-13.961283908230776,4.195,0.9
18.08150649126838,-13.902658908230782,4.195,0.9
18.081506491268378,-13.83803390823078,4.2,0.8950000000000001
18.08150649126838,-13.76665890823078,4.195,0.9
18.08150649126839,-13.695283908230778,4.195,0.9
18.08150649126838,-13.630658908230778,4.195,0.9
18.081506491268378,-13.57203390823078,4.2,0.8950000000000001
18.08150649126838,-13.518658908230782,4.195,0.9
18.08150649126838,-13.46978390823078,4.195,0.9
18.08150649126838,-13.424658908230779,4.195,0.9
18.08150649126838,-13.38253390823078,4.195,0.9
18.08150649126838,-13.342658908230781,4.195,0.9
18.08150649126838,-13.304283908230778,4.195,0.9
18.08150649126838,-13.26665890823078,4.195,0.9
18.08150649126838,-13.229033908230777,4.195,0.9
18.08150649126838,-13.190658908230779,4.195,0.9
18.08150649126838,-13.150783908230784,4.195,0.9
18.08150649126838,-13.10865890823078,4.195,0.9
18.08150649126838,-13.06353390823078,4.195,0.9
18.08150649126838,-13.014658908230782,4.195,0.9
18.08150649126838,-12.96128390823078,4.195,0.9
18.08150649126838,-12.902658908230778,4.195,0.9
18.081506491268378,-12.83803390823078,4.2,0.8950000000000001
18.17870649126838,-11.902658908230782,4.815000000000001,1.1700000000000002
18.08150649126838,-11.76665890823078,5.315000000000001,1.1350000000000002
18.02439399126839,-11.694571408230779,5.41,1.07
17.972606491268376,-11.627958908230777,5.440000000000001,0.9950000000000001
17.92546899126838,-11.56629640823078,5.465000000000001,0.9300000000000002
17.88230649126838,-11.50905890823078,5.5,0.935
17.842443991268382,-11.45572140823078,5.535,0.9450000000000002
17.80520649126838,-11.40575890823078,5.585000000000001,0.9650000000000001
17.76991899126838,-11.358646408230783,5.65,0.9850000000000002
17.73590649126838,-11.313858908230781,5.73,0.9850000000000002
17.702493991268383,-11.270871408230779,5.835000000000001,0.9800000000000001
17.669006491268384,-11.22915890823078,5.960000000000001,1.0050000000000001
17.63476899126838,-11.188196408230777,6.115000000000001,0.9900000000000001
17.59910649126838,-11.147458908230778,6.290000000000001,1.0
17.56134399126839,-11.10642140823078,6.390000000000001,1.0
17.52080649126838,-11.06455890823078,6.355,0.9950000000000001
17.47681899126838,-11.02134640823078,6.36,1.0
17.42870649126838,-10.976258908230779,6.365000000000001,1.0
17.375793991268377,-10.928771408230777,6.365000000000001,0.9800000000000001
17.317406491268386,-10.878358908230783,6.375,0.9800000000000001
17.252868991268386,-10.824496408230782,6.415000000000001,0.9750000000000001
17.181506491268383,-10.76665890823078,6.425000000000001,0.9600000000000002
17.110131491268383,-10.70924640823078,6.415000000000001,0.9700000000000002
17.045506491268377,-10.656858908230777,6.425000000000001,0.9700000000000002
16.98688149126838,-10.609271408230782,6.43,0.9600000000000002
16.933506491268382,-10.566258908230779,6.460000000000001,0.9600000000000002
16.884631491268383,-10.527596408230782,6.4750000000000005,0.935
16.839506491268388,-10.493058908230779,6.5,0.9650000000000001
16.797381491268375,-10.462421408230782,6.53,0.9800000000000001
16.75750649126838,-10.435458908230782,6.445,0.9850000000000002
16.181506491268383,-10.316658908230782,5.300000000000001,0.9500000000000001
16.110131491268387,-10.316658908230782,5.300000000000001,0.9450000000000002
16.045506491268377,-10.316658908230782,5.300000000000001,0.9450000000000002
15.986881491268385,-10.316658908230782,5.300000000000001,0.9450000000000002
15.933506491268385,-10.316658908230782,5.300000000000001,0.9450000000000002
15.884631491268383,-10.316658908230782,5.300000000000001,0.9450000000000002
15.83950649126838,-10.316658908230782,5.300000000000001,0.9450000000000002
15.797381491268375,-10.316658908230782,5.300000000000001,0.9450000000000002
15.757506491268387,-10.316658908230782,5.300000000000001,0.9450000000000002
15.719131491268385,-10.316658908230782,5.300000000000001,0.9450000000000002
15.681506491268383,-10.316658908230782,5.300000000000001,0.9450000000000002
15.643881491268381,-10.316658908230782,5.300000000000001,0.9450000000000002
15.605506491268383,-10.316658908230782,5.300000000000001,0.9450000000000002
15.565631491268384,-10.316658908230778,5.295000000000001,0.9500000000000001
15.523506491268385,-10.316658908230782,5.300000000000001,0.9450000000000002
15.478381491268383,-10.316658908230782,5.300000000000001,0.9450000000000002
15.429506491268384,-10.316658908230782,5.300000000000001,0.9450000000000002
15.376131491268378,-10.316658908230782,5.300000000000001,0.9450000000000002
15.317506491268382,-10.316658908230782,5.300000000000001,0.9450000000000002
15.252881491268383,-10.316658908230782,5.300000000000001,0.9450000000000002
15.181506491268383,-10.316658908230782,5.300000000000001,0.9450000000000002
15.110131491268383,-10.316658908230782,5.300000000000001,0.9450000000000002
15.04550649126838,-10.316658908230782,5.300000000000001,0.9450000000000002
14.986881491268381,-10.316658908230782,5.300000000000001,0.9450000000000002
14.933506491268382,-10.316658908230782,5.300000000000001,0.9450000000000002
14.884631491268383,-10.316658908230782,5.300000000000001,0.9450000000000002
14.839506491268388,-10.316658908230782,5.300000000000001,0.9450000000000002
14.797381491268382,-10.316658908230782,5.300000000000001,0.9450000000000002
14.75750649126838,-10.316658908230782,5.300000000000001,0.9450000000000002
14.719131491268378,-10.316658908230782,5.300000000000001,0.9450000000000002
14.681506491268383,-10.316658908230782,5.300000000000001,0.9450000000000002
14.643881491268381,-10.316658908230782,5.300000000000001,0.9450000000000002
14.605506491268379,-10.316658908230782,5.300000000000001,0.9450000000000002
14.565631491268384,-10.316658908230778,5.295000000000001,0.9500000000000001
14.523506491268385,-10.316658908230782,5.300000000000001,0.9450000000000002
14.478381491268383,-10.316658908230782,5.300000000000001,0.9450000000000002
14.429506491268384,-10.316658908230782,5.300000000000001,0.9450000000000002
14.376131491268378,-10.316658908230782,5.300000000000001,0.9450000000000002
14.317506491268382,-10.316658908230782,5.300000000000001,0.9450000000000002
14.252881491268383,-10.316658908230782,5.300000000000001,0.9450000000000002
14.181506491268383,-10.316658908230782,5.300000000000001,0.9450000000000002
14.110131491268383,-10.316658908230782,5.300000000000001,0.9450000000000002
14.045506491268377,-10.316658908230782,5.300000000000001,0.9450000000000002
13.986881491268385,-10.316658908230782,5.300000000000001,0.9450000000000002
13.933506491268382,-10.316658908230782,5.300000000000001,0.9450000000000002
13.884631491268383,-10.316658908230782,5.300000000000001,0.9450000000000002
13.839506491268384,-10.316658908230782,5.300000000000001,0.9450000000000002
13.797381491268382,-10.316658908230782,5.300000000000001,0.9450000000000002
13.757506491268384,-10.316658908230782,5.300000000000001,0.9450000000000002
13.719131491268378,-10.316658908230782,5.300000000000001,0.9450000000000002
13.681506491268383,-10.316658908230782,5.300000000000001,0.9450000000000002
13.643881491268381,-10.316658908230782,5.300000000000001,0.9450000000000002
13.605506491268379,-10.316658908230782,5.300000000000001,0.9450000000000002
13.565631491268384,-10.316658908230778,5.295000000000001,0.9500000000000001
13.523506491268385,-10.316658908230782,5.300000000000001,0.9450000000000002
13.478381491268383,-10.316658908230782,5.300000000000001,0.9450000000000002
13.42950649126838,-10.316658908230782,5.300000000000001,0.9450000000000002
13.376131491268382,-10.316658908230782,5.300000000000001,0.9450000000000002
13.317506491268382,-10.316658908230782,5.300000000000001,0.9450000000000002
13.252881491268383,-10.316658908230782,5.300000000000001,0.9450000000000002
13.181506491268383,-10.316658908230782,5.300000000000001,0.9450000000000002
13.110131491268383,-10.316658908230782,5.300000000000001,0.9450000000000002
13.045506491268377,-10.316658908230782,5.300000000000001,0.9450000000000002
12.986881491268381,-10.316658908230782,5.300000000000001,0.9450000000000002
12.933506491268378,-10.316658908230782,5.300000000000001,0.9450000000000002
12.884631491268383,-10.316658908230782,5.300000000000001,0.9450000000000002
12.83950649126838,-10.316658908230782,5.300000000000001,0.9450000000000002
12.797381491268382,-10.316658908230782,5.300000000000001,0.9450000000000002
12.75750649126838,-10.316658908230782,5.300000000000001,0.9450000000000002
12.719131491268378,-10.316658908230782,5.300000000000001,0.9450000000000002
12.681506491268383,-10.316658908230782,5.300000000000001,0.9450000000000002
12.643881491268381,-10.316658908230782,5.300000000000001,0.9450000000000002
12.605506491268379,-10.316658908230782,5.300000000000001,0.9450000000000002
12.565631491268384,-10.316658908230778,5.295000000000001,0.9500000000000001
12.523506491268385,-10.316658908230782,5.300000000000001,0.9450000000000002
12.478381491268383,-10.316658908230782,5.300000000000001,0.9450000000000002
12.429506491268377,-10.316658908230782,5.300000000000001,0.9450000000000002
12.376131491268378,-10.316658908230782,5.300000000000001,0.9450000000000002
12.317506491268382,-10.316658908230782,5.300000000000001,0.9450000000000002
12.252881491268386,-10.316658908230782,5.300000000000001,0.9450000000000002
12.181506491268383,-10.316658908230782,5.300000000000001,0.9450000000000002
12.110131491268383,-10.316658908230782,5.300000000000001,0.9450000000000002
12.04550649126838,-10.316658908230782,5.300000000000001,0.9450000000000002
11.986881491268385,-10.316658908230782,5.300000000000001,0.9450000000000002
11.933506491268382,-10.316658908230782,5.300000000000001,0.9450000000000002
11.884631491268383,-10.316658908230782,5.300000000000001,0.9450000000000002
11.839506491268384,-10.316658908230782,5.300000000000001,0.9450000000000002
11.797381491268382,-10.316658908230782,5.300000000000001,0.9450000000000002
11.75750649126838,-10.316658908230782,5.300000000000001,0.9450000000000002
11.719131491268378,-10.316658908230782,5.300000000000001,0.9450000000000002
11.681506491268383,-10.316658908230782,5.300000000000001,0.9450000000000002
11.643881491268381,-10.316658908230782,5.300000000000001,0.9450000000000002
11.605506491268379,-10.316658908230782,5.300000000000001,0.9450000000000002
11.565631491268384,-10.316658908230778,5.295000000000001,0.9500000000000001
11.523506491268385,-10.316658908230782,5.300000000000001,0.9450000000000002
11.478381491268383,-10.316658908230782,5.300000000000001,0.9450000000000002
11.42950649126838,-10.316658908230782,5.300000000000001,0.9450000000000002
11.376131491268382,-10.316658908230782,5.300000000000001,0.9450000000000002
11.317506491268382,-10.316658908230782,5.300000000000001,0.9450000000000002
11.252881491268383,-10.316658908230782,5.300000000000001,0.9450000000000002
7.933506491268382,-8.318658908230777,4.665000000000001,4.165000000000001
7.884631491268383,-8.269783908230778,4.6000000000000005,4.235
7.839506491268388,-8.22465890823078,4.535,4.3
7.797381491268382,-8.18253390823078,4.4750000000000005,4.36
7.7575064912683835,-8.142658908230779,4.420000000000001,4.415000000000001
7.719131491268378,-8.104283908230776,4.365000000000001,4.470000000000001
7.681506491268383,-8.066658908230778,4.3100000000000005,4.525
7.643881491268385,-8.02903390823078,4.260000000000001,4.575
7.6055064912683825,-7.990658908230781,4.205000000000001,4.630000000000001
7.565631491268384,-7.950783908230779,4.1450000000000005,4.6850000000000005
7.523506491268382,-7.908658908230777,4.085,4.745
7.478381491268383,-7.863533908230778,4.025,4.8100000000000005
7.429506491268384,-7.814658908230783,3.9550000000000005,4.880000000000001
7.376131491268378,-7.7612839082307765,3.880000000000001,4.955000000000001
7.317506491268382,-7.702658908230781,3.7950000000000004,5.040000000000001
7.252881491268379,-7.638033908230778,3.7050000000000005,5.130000000000001
7.181506491268383,-7.566658908230778,3.6050000000000004,5.23
7.110131491268387,-7.495283908230782,3.505000000000001,5.330000000000001
7.04550649126838,-7.430658908230779,3.41,5.420000000000001
6.986881491268381,-7.3720339082307795,3.3300000000000005,5.505000000000001
6.933506491268382,-7.318658908230777,3.255000000000001,5.580000000000001
6.884631491268383,-7.269783908230778,3.1850000000000005,5.65
6.839506491268384,-7.224658908230779,3.1200000000000006,5.715000000000001
6.797381491268382,-7.182533908230781,3.0600000000000005,5.775
6.7575064912683835,-7.142658908230782,3.0050000000000003,5.830000000000001
6.7191314912683815,-7.10428390823078,2.95,5.885000000000001
6.681506491268383,-7.066658908230778,2.8950000000000005,5.9350000000000005
6.643881491268385,-7.029033908230783,2.8450000000000006,5.990000000000001
6.605506491268379,-6.990658908230781,2.7900000000000005,6.045000000000001
6.5656314912683875,-6.950783908230779,2.7350000000000003,6.1000000000000005
6.523506491268378,-6.908658908230777,2.6750000000000003,6.16
6.478381491268383,-6.863533908230778,2.6100000000000003,6.2250000000000005
6.429506491268388,-6.814658908230783,2.5400000000000005,6.295000000000001
6.376131491268378,-6.76128390823078,2.4650000000000003,6.370000000000001
6.317506491268382,-6.702658908230781,2.3800000000000003,6.45
6.252881491268376,-6.638033908230778,2.2900000000000005,6.545000000000001
6.181506491268383,-6.566658908230778,2.1900000000000004,6.505
6.110131491268387,-6.495283908230785,2.0900000000000003,6.460000000000001
6.04550649126838,-6.430658908230779,1.9950000000000003,6.45
5.986881491268381,-6.3720339082307795,1.9150000000000003,6.440000000000001
5.933506491268378,-6.318658908230777,1.8400000000000003,6.435000000000001
5.884631491268383,-6.269783908230778,1.77,6.435000000000001
5.839506491268384,-6.224658908230779,1.705,6.445
5.7973814912683785,-6.182533908230777,1.645,6.455
5.7575064912683835,-6.142658908230782,1.59,6.465000000000001
5.719131491268378,-6.10428390823078,1.5350000000000001,6.45
5.681506491268383,-6.066658908230778,1.4800000000000002,6.43
5.643881491268385,-6.029033908230783,1.4300000000000002,6.45
5.6055064912683825,-5.9906589082307775,1.375,6.465000000000001
5.56563149126838,-5.950783908230779,1.3200000000000003,6.455
5.523506491268378,-5.908658908230777,1.2600000000000002,6.445
5.478381491268383,-5.863533908230778,1.195,6.435000000000001
5.429506491268388,-5.814658908230783,1.125,6.435000000000001
5.376131491268378,-5.7612839082307765,1.05,6.440000000000001
5.317506491268379,-5.702658908230781,0.9700000000000002,6.45
5.252881491268376,-5.638033908230774,0.9450000000000002,6.460000000000001
5.181506491268383,-5.566658908230778,0.915,6.43
5.110131491268387,-5.495283908230785,0.9450000000000002,6.460000000000001
5.045506491268377,-5.430658908230779,0.935,6.45
4.986881491268381,-5.3720339082307795,0.925,6.440000000000001
4.933506491268378,-5.318658908230777,0.9200000000000002,6.435000000000001
4.884631491268383,-5.269783908230778,0.9200000000000002,6.435000000000001
4.839506491268384,-5.224658908230783,0.9300000000000002,6.445
4.7973814912683785,-5.182533908230781,0.9400000000000001,6.455
4.7575064912683835,-5.142658908230782,0.9500000000000001,6.465000000000001
4.719131491268378,-5.1042839082307765,0.935,6.45
4.681506491268383,-5.066658908230778,0.915,6.43
4.643881491268385,-5.029033908230783,0.935,6.45
4.605506491268379,-4.9906589082307775,0.9500000000000001,6.465000000000001
4.565631491268384,-4.950783908230779,0.9400000000000001,6.455
4.523506491268378,-4.908658908230777,0.9300000000000002,6.420000000000001
4.478381491268381,-4.863533908230778,0.9200000000000002,6.355
4.429506491268384,-4.814658908230783,0.9200000000000002,6.290000000000001
4.376131491268378,-4.7612839082307765,0.9950000000000001,6.210000000000001
4.317506491268382,-4.702658908230781,1.08,6.130000000000001
4.252881491268376,-4.638033908230774,1.1700000000000002,6.040000000000001
4.181506491268381,-4.566658908230778,1.2700000000000002,5.9350000000000005
4.110131491268387,-4.495283908230785,1.37,5.835000000000001
4.04550649126838,-4.430658908230779,1.465,5.745000000000001
3.986881491268379,-4.3720339082307795,1.5450000000000002,5.66
3.9335064912683766,-4.318658908230777,1.62,5.585000000000001
3.8846314912683813,-4.269783908230778,1.6900000000000004,5.515000000000001
3.839506491268386,-4.224658908230779,1.7550000000000001,5.455000000000001
3.797381491268382,-4.182533908230781,1.8150000000000004,5.3950000000000005
3.75750649126838,-4.1426589082307785,1.87,5.340000000000001
3.719131491268378,-4.1042839082307765,1.925,5.285
3.6815064912683813,-4.066658908230778,1.975,5.23
3.6438814912683846,-4.029033908230783,2.0300000000000002,5.175000000000001
3.605506491268379,-3.990658908230781,2.0850000000000004,5.125
3.565631491268384,-3.950783908230779,2.14,5.065000000000001
3.5235064912683782,-3.9086589082307768,2.2,5.005000000000001
3.4783814912683813,-3.863533908230778,2.265,4.945
3.429506491268384,-3.8146589082307827,2.3350000000000004,4.875
3.3761314912683815,-3.7612839082307765,2.41,4.800000000000001
3.3175064912683823,-3.702658908230781,2.49,4.715000000000001
3.252881491268379,-3.638033908230774,2.5850000000000004,4.625
3.1815064912683813,-3.566658908230778,2.6850000000000005,4.525
3.110131491268387,-3.4952839082307854,2.785,4.420000000000001
3.0455064912683802,-3.430658908230779,2.875,4.330000000000001
2.986881491268379,-3.3720339082307795,2.9600000000000004,4.25
2.93350649126838,-3.318658908230777,3.035,4.170000000000001
2.8846314912683813,-3.269783908230778,3.1050000000000004,4.105
2.839506491268386,-3.224658908230783,3.1700000000000004,4.040000000000001
2.797381491268382,-3.182533908230777,3.2300000000000004,3.9800000000000004
2.7575064912683835,-3.142658908230782,3.285,3.9250000000000003
2.719131491268378,-3.1042839082307765,3.34,3.8700000000000006
2.6815064912683813,-3.066658908230778,3.39,3.815
2.6438814912683846,-3.029033908230783,3.4450000000000003,3.765
2.6055064912683825,-2.9906589082307775,3.5,3.7100000000000004
2.565631491268382,-2.950783908230779,3.5550000000000006,3.6500000000000004
2.52350649126838,-2.9086589082307768,3.615,3.59
2.4783814912683813,-2.863533908230778,3.6800000000000006,3.5300000000000007
2.429506491268384,-2.8146589082307827,3.75,3.4600000000000004
2.376131491268378,-2.7612839082307765,3.825,3.3850000000000002
2.3175064912683823,-2.702658908230781,3.9050000000000007,3.3000000000000003
2.252881491268379,-2.638033908230774,4.0,3.2100000000000004
2.1815064912683813,-2.566658908230778,4.1000000000000005,3.1100000000000003
2.110131491268387,-2.4952839082307854,4.2,3.0100000000000002
2.0455064912683767,-2.430658908230779,4.290000000000001,2.9150000000000005
1.9868814912683828,-2.372033908230783,4.375,2.8350000000000004
1.9335064912683801,-2.318658908230777,4.45,2.7600000000000002
1.8846314912683813,-2.269783908230778,4.5200000000000005,2.6900000000000004
1.839506491268386,-2.224658908230783,4.580000000000001,2.625
1.7973814912683785,-2.1825339082307806,4.640000000000001,2.5650000000000004
1.75750649126838,-2.1426589082307785,4.7,2.5100000000000002
1.719131491268378,-2.1042839082307765,4.755000000000001,2.455
1.6815064912683813,-2.066658908230778,4.805000000000001,2.4000000000000004
1.643881491268381,-2.029033908230783,4.86,2.35
1.605506491268379,-1.990658908230781,4.915000000000001,2.2950000000000004
1.5656314912683822,-1.950783908230779,4.970000000000001,2.24
1.52350649126838,-1.9086589082307768,5.030000000000001,2.18
1.4783814912683813,-1.863533908230778,5.095000000000001,2.115
1.4295064912683841,-1.8146589082307827,5.16,2.0450000000000004
1.376131491268378,-1.7612839082307765,5.240000000000001,1.9700000000000004
1.3175064912683823,-1.7026589082307808,5.32,1.8850000000000002
1.2528814912683792,-1.6380339082307742,5.41,1.795
1.1815064912683813,-1.566658908230778,5.515000000000001,1.695
1.110131491268385,-1.4952839082307854,5.615000000000001,1.5950000000000002
1.0455064912683802,-1.4306589082307788,5.705000000000001,1.5
0.986881491268381,-1.372033908230776,5.790000000000001,1.4200000000000002
0.9335064912683801,-1.318658908230777,5.865000000000001,1.3450000000000002
0.8846314912683813,-1.269783908230778,5.9350000000000005,1.2750000000000001
0.8395064912683861,-1.2246589082307828,5.995000000000001,1.2100000000000002
0.7973814912683803,-1.1825339082307806,6.055000000000001,1.1500000000000001
0.7575064912683818,-1.1426589082307785,6.115000000000001,1.0950000000000002
0.7191314912683779,-1.1042839082307765,6.165000000000001,1.04
0.6815064912683813,-1.066658908230778,6.220000000000001,0.9850000000000002
0.6438814912683846,-1.0290339082307831,6.275,0.9700000000000002
0.605506491268379,-0.9906589082307811,6.330000000000001,0.9550000000000001
0.565631491268384,-0.950783908230779,6.385000000000001,0.9650000000000001
0.52350649126838,-0.9086589082307768,6.420000000000001,0.9750000000000001
0.47838149126838125,-0.863533908230778,6.43,0.9850000000000002
0.42950649126838414,-0.8146589082307827,6.43,0.9850000000000002
0.37613149126837797,-0.7612839082307765,6.425000000000001,0.9800000000000001
0.31750649126838226,-0.7026589082307808,6.410000000000001,0.9700000000000002
0.25288149126837567,-0.6380339082307742,6.4,0.9550000000000001
0.045506491268380245,-0.42415890823077973,6.410000000000001,0.9650000000000001
-0.7471185087316226,0.18146609176922013,5.255000000000001,1.1450000000000002
-0.8184935087316187,0.18334109176922198,5.25,1.1
-0.8898685087316149,0.18334109176922198,5.25,1.0450000000000002
-0.9544935087316198,0.18334109176922198,5.245000000000001,1.0
-1.013118508731619,0.18334109176922198,5.245000000000001,0.9500000000000001
-1.0664935087316216,0.18334109176922198,5.25,0.9450000000000002
-1.1153685087316187,0.18334109176922198,5.25,0.9450000000000002
-1.1604935087316175,0.18334109176922198,5.25,0.9450000000000002
-1.2026185087316197,0.18334109176922198,5.25,0.9450000000000002
-1.2424935087316165,0.18334109176922198,5.245000000000001,0.9500000000000001
-1.2808685087316203,0.18334109176922198,5.245000000000001,0.9500000000000001
-1.3184935087316187,0.18334109176922198,5.245000000000001,0.9450000000000002
-1.3561185087316154,0.18334109176922198,5.25,0.9450000000000002
-1.3944935087316193,0.18334109176922198,5.245000000000001,0.9450000000000002
-1.434368508731616,0.18334109176922198,5.25,0.9450000000000002
-1.4764935087316218,0.18334109176922198,5.25,0.9450000000000002
-1.5216185087316187,0.18334109176922198,5.25,0.9450000000000002
-1.5704935087316159,0.18334109176922198,5.25,0.9450000000000002
-1.623868508731622,0.18334109176922198,5.25,0.9450000000000002
-1.6824935087316177,0.18334109176922198,5.25,0.9450000000000002
-1.7471185087316208,0.18334109176922198,5.25,0.9450000000000002
-1.8184935087316187,0.18334109176922198,5.25,0.9450000000000002
-1.889868508731615,0.18334109176922198,5.25,0.9450000000000002
-1.9544935087316215,0.18334109176922198,5.245000000000001,0.9500000000000001
-2.0131185087316172,0.18334109176922198,5.245000000000001,0.9500000000000001
-2.06649350873162,0.18334109176922198,5.25,0.9450000000000002
-2.1153685087316187,0.18334109176922198,5.25,0.9450000000000002
-2.160493508731614,0.18334109176922198,5.25,0.9450000000000002
-2.2026185087316197,0.18334109176922198,5.25,0.9450000000000002
-2.2424935087316182,0.18334109176922198,5.245000000000001,0.9500000000000001
-2.280868508731622,0.18334109176922198,5.245000000000001,0.9500000000000001
-2.3184935087316187,0.18334109176922198,5.25,0.9450000000000002
-2.3561185087316154,0.18334109176922198,5.25,0.9450000000000002
-2.394493508731621,0.18334109176922198,5.25,0.9450000000000002
-2.434368508731618,0.18334109176922198,5.25,0.9450000000000002
-2.47649350873162,0.18334109176922198,5.25,0.9450000000000002
-2.5216185087316187,0.18334109176922198,5.25,0.9450000000000002
-2.570493508731616,0.18334109176922198,5.25,0.9450000000000002
-2.6238685087316203,0.18334109176922198,5.25,0.9450000000000002
-2.6824935087316177,0.18334109176922198,5.25,0.9450000000000002
-2.7471185087316226,0.18334109176922198,5.25,0.9450000000000002
-2.8184935087316187,0.18334109176922198,5.25,0.9500000000000001
-3.3184935087316187,0.22084109176921984,5.235,0.9900000000000001
-3.356118508731617,0.22417859176921695,5.220000000000001,0.9900000000000001
-3.394493508731621,0.22654109176922077,5.210000000000001,0.9900000000000001
-3.434368508731618,0.22770359176922028,5.205000000000001,0.9900000000000001
-3.4764935087316227,0.22744109176922223,5.205000000000001,0.9900000000000001
-3.5216185087316187,0.22552859176921913,5.215000000000001,0.9900000000000001
-3.5704935087316167,0.2217410917692213,5.23,0.9900000000000001
-3.623868508731621,0.21585359176922125,5.255000000000001,0.9900000000000001
-3.6824935087316177,0.20764109176921863,5.285,0.9850000000000002
-3.7471185087316226,0.19687859176922018,5.315000000000001,0.9750000000000001
-3.8184935087316187,0.18334109176922198,5.345000000000001,0.9650000000000001
-3.889868508731615,0.1690160917692225,5.370000000000001,0.9500000000000001
-3.9544935087316198,0.1557410917692188,5.390000000000001,0.9400000000000001
-4.013118508731618,0.14306609176922436,5.420000000000001,0.9800000000000001
-4.066493508731622,0.13054109176921713,5.460000000000001,1.0250000000000001
-4.115368508731619,0.11771609176922126,5.5200000000000005,1.0200000000000002
-4.202618508731619,0.08936609176922161,5.715000000000001,1.0200000000000002
-4.521618508731619,-0.12603390823078087,6.800000000000001,1.0050000000000001
-4.570493508731617,-0.17185890823077443,6.810000000000001,1.0150000000000001
-4.623868508731621,-0.22338390823077958,6.795000000000001,1.0100000000000002
-4.682493508731618,-0.2810589082307793,6.800000000000001,1.0150000000000001
-4.7471185087316226,-0.3453339082307849,6.815000000000001,1.0150000000000001
-4.818493508731619,-0.41665890823077945,6.810000000000001,0.9900000000000001
-4.890937258731615,-0.48803390823077564,6.790000000000001,1.0150000000000001
-5.23844975873162,-0.8007839082307804,6.790000000000001,1.0350000000000001
-5.285693508731617,-0.8406589082307789,6.785000000000001,1.03
-5.330987258731621,-0.879033908230781,6.785000000000001,1.0350000000000001
-5.374743508731619,-0.9166589082307794,6.765000000000001,1.0600000000000003
-5.417374758731617,-0.9542839082307779,6.7700000000000005,1.0450000000000002
-5.459293508731619,-0.99265890823078,6.745000000000001,1.0600000000000003
-5.500912258731617,-1.032533908230775,6.755,1.04
-5.542643508731622,-1.0746589082307842,6.625,1.0650000000000002
-5.584899758731619,-1.1197839082307794,6.3950000000000005,1.0350000000000001
-5.628093508731617,-1.1686589082307783,6.180000000000001,1.0650000000000002
-5.67263725873162,-1.2220339082307845,5.98,1.0350000000000001
-5.718943508731618,-1.2806589082307767,5.800000000000001,1.04
-5.767424758731622,-1.3452839082307833,5.640000000000001,1.05
-5.818493508731619,-1.4166589082307794,5.510000000000001,1.0350000000000001
-5.868412258731617,-1.4880339082307756,5.425000000000001,1.0100000000000002
-5.91334350873162,-1.5526589082307822,5.3500000000000005,0.9900000000000001
-5.953549758731618,-1.6112839082307744,5.2700000000000005,0.9850000000000002
-5.98929350873162,-1.6646589082307806,5.180000000000001,0.9800000000000001
-6.020837258731619,-1.7135339082307794,5.075,0.9450000000000002
-6.048443508731616,-1.7586589082307746,4.955000000000001,0.9600000000000002
-6.07237475873162,-1.8007839082307804,4.825,0.9700000000000002
-6.092893508731619,-1.840658908230779,4.69,0.9700000000000002
-6.168143508731619,-2.2806589082307767,4.15,0.9450000000000002
-6.168449758731619,-2.3452839082307833,4.15,0.9450000000000002
-6.168493508731618,-2.4166589082307794,4.15,0.9500000000000001
-6.168493508731619,-2.4880339082307756,4.1450000000000005,0.9500000000000001
-6.168493508731618,-2.5526589082307822,4.15,0.9450000000000002
-6.168493508731619,-2.6112839082307744,4.1450000000000005,0.9500000000000001
-6.168493508731618,-2.664658908230784,4.15,0.9450000000000002
-6.168493508731618,-2.7135339082307794,4.15,0.9450000000000002
-6.168493508731618,-2.758658908230778,4.15,0.9450000000000002
-6.168493508731618,-2.8007839082307804,4.15,0.9450000000000002
-6.168493508731618,-2.840658908230779,4.15,0.9450000000000002
-6.168493508731618,-2.879033908230781,4.15,0.9450000000000002
-6.168493508731618,-2.9166589082307794,4.1450000000000005,0.9450000000000002
-6.168493508731618,-2.954283908230778,4.15,0.9450000000000002
-6.168493508731618,-2.9926589082307835,4.15,0.9450000000000002
-6.168493508731618,-3.0325339082307785,4.15,0.9450000000000002
-6.168493508731618,-3.0746589082307842,4.15,0.9450000000000002
-6.168493508731618,-3.1197839082307794,4.15,0.9450000000000002
-6.168493508731618,-3.1686589082307783,4.15,0.9450000000000002
-6.168493508731619,-3.222033908230781,4.1450000000000005,0.9500000000000001
-6.168493508731618,-3.2806589082307767,4.15,0.9450000000000002
-6.168493508731618,-3.3452839082307833,4.1450000000000005,0.9450000000000002
-6.168493508731618,-3.4166589082307794,4.1450000000000005,0.9450000000000002
-6.168493508731619,-3.4880339082307756,4.1450000000000005,0.9500000000000001
-6.168493508731618,-3.5526589082307822,4.15,0.9450000000000002
-6.168493508731619,-3.6112839082307744,4.1450000000000005,0.9500000000000001
-6.168493508731618,-3.6646589082307806,4.15,0.9450000000000002
-6.168493508731618,-3.7135339082307794,4.15,0.9450000000000002
-6.168493508731618,-3.7586589082307746,4.15,0.9450000000000002
-6.168493508731618,-3.8007839082307804,4.15,0.9450000000000002
-6.168493508731618,-3.8406589082307754,4.1450000000000005,0.9450000000000002
-6.168493508731618,-3.879033908230781,4.15,0.9450000000000002
-6.168493508731618,-3.9166589082307794,4.1450000000000005,0.9450000000000002
-6.168493508731618,-3.954283908230778,4.15,0.9450000000000002
-6.168493508731618,-3.99265890823078,4.15,0.9450000000000002
-6.168493508731618,-4.0325339082307785,4.15,0.9450000000000002
-6.168493508731618,-4.074658908230781,4.15,0.9450000000000002
-6.168493508731618,-4.1197839082307794,4.15,0.9450000000000002
-6.168493508731618,-4.168658908230778,4.15,0.9450000000000002
-6.168493508731619,-4.222033908230781,4.1450000000000005,0.9500000000000001
-6.168493508731618,-4.280658908230777,4.15,0.9450000000000002
-6.168493508731618,-4.345283908230783,4.15,0.9450000000000002
-6.168493508731618,-4.4166589082307794,4.15,0.9450000000000002
-6.168493508731619,-4.488033908230776,4.1450000000000005,0.9500000000000001
-6.168493508731618,-4.552658908230782,4.15,0.9450000000000002
-6.168493508731619,-4.611283908230774,4.1450000000000005,0.9500000000000001
-6.168493508731618,-4.6646589082307806,4.15,0.9450000000000002
-6.168493508731618,-4.7135339082307794,4.15,0.9450000000000002
-6.168493508731618,-4.758658908230778,4.15,0.9450000000000002
-6.168493508731618,-4.80078390823078,4.15,0.9450000000000002
-6.168493508731618,-4.840658908230779,4.15,0.9450000000000002
-6.168493508731618,-4.879033908230781,4.15,0.9450000000000002
-6.168493508731618,-4.9166589082307794,4.15,0.9450000000000002
-6.168493508731618,-4.954283908230778,4.15,0.9450000000000002
-6.168493508731618,-4.99265890823078,4.15,0.9450000000000002
-6.168493508731618,-5.032533908230775,4.15,0.9450000000000002
-6.168493508731618,-5.074658908230784,4.15,0.9450000000000002
-6.168493508731618,-5.1197839082307794,4.15,0.9450000000000002
-6.168493508731618,-5.168658908230778,4.15,0.9450000000000002
-6.168493508731619,-5.222033908230781,4.1450000000000005,0.9500000000000001
-6.168493508731618,-5.280658908230777,4.15,0.9450000000000002
-6.168493508731618,-5.345283908230783,4.15,0.9450000000000002
-6.168493508731618,-5.4166589082307794,4.1450000000000005,0.9450000000000002
-6.168493508731619,-5.488033908230776,4.1450000000000005,0.9500000000000001
-6.168493508731618,-5.552658908230782,4.15,0.9450000000000002
-6.168493508731619,-5.611283908230774,4.1450000000000005,0.9500000000000001
-6.168493508731618,-5.6646589082307806,4.15,0.9450000000000002
-6.168493508731618,-5.7135339082307794,4.15,0.9450000000000002
-6.168493508731618,-5.758658908230775,4.15,0.9450000000000002
-6.168493508731618,-5.80078390823078,4.15,0.9450000000000002
-6.168493508731618,-5.840658908230779,4.15,0.9450000000000002
-6.168493508731618,-5.879033908230781,4.1450000000000005,0.9450000000000002
-6.168493508731618,-5.9166589082307794,4.1450000000000005,0.9450000000000002
-6.168493508731618,-5.954283908230778,4.15,0.9450000000000002
-6.168493508731618,-5.99265890823078,4.15,0.9450000000000002
-6.168493508731618,-6.032533908230775,4.15,0.9450000000000002
-6.168493508731618,-6.074658908230784,4.15,0.9450000000000002
-6.168493508731618,-6.1197839082307794,4.15,0.9450000000000002
-6.168493508731618,-6.168658908230778,4.15,0.9450000000000002
-6.168493508731619,-6.222033908230781,4.1450000000000005,0.9500000000000001
-6.168493508731618,-6.280658908230777,4.15,0.9450000000000002
-6.168493508731618,-6.345283908230783,4.15,0.9450000000000002
-6.168493508731618,-6.4166589082307794,4.1450000000000005,0.9450000000000002
-6.168493508731619,-6.488033908230776,4.1450000000000005,0.9500000000000001
-6.168493508731618,-6.552658908230782,4.15,0.9450000000000002
-6.168493508731619,-6.611283908230774,4.1450000000000005,0.9500000000000001
-6.168493508731618,-6.664658908230784,4.15,0.9450000000000002
-6.168493508731618,-6.7135339082307794,4.15,0.9450000000000002
-6.168493508731618,-6.758658908230775,4.15,0.9450000000000002
-6.168493508731618,-6.80078390823078,4.15,0.9450000000000002
-6.168493508731618,-6.840658908230779,4.15,0.9450000000000002
-6.168493508731618,-6.879033908230781,4.15,0.9450000000000002
-6.168493508731618,-6.9166589082307794,4.15,0.9450000000000002
-6.168493508731618,-6.954283908230778,4.15,0.9450000000000002
-6.168493508731618,-6.99265890823078,4.15,0.9450000000000002
-6.168493508731618,-7.0325339082307785,4.15,0.9450000000000002
-6.168493508731618,-7.074658908230781,4.15,0.9450000000000002
-6.168493508731618,-7.1197839082307794,4.15,0.9450000000000002
-6.168493508731618,-7.168658908230778,4.15,0.9450000000000002
-6.168493508731619,-7.222033908230781,4.1450000000000005,0.9500000000000001
-6.168493508731618,-7.280658908230777,4.15,0.9450000000000002
-6.168493508731618,-7.345283908230783,4.15,0.9450000000000002
-6.168493508731618,-7.4166589082307794,4.15,0.9450000000000002
-6.168493508731619,-7.488033908230776,4.1450000000000005,0.9500000000000001
-6.168493508731618,-7.552658908230782,4.15,0.9450000000000002
-6.168493508731619,-7.611283908230774,4.1450000000000005,0.9500000000000001
-6.168493508731618,-7.6646589082307806,4.15,0.9450000000000002
-6.168493508731618,-7.7135339082307794,4.15,0.9450000000000002
-6.168493508731618,-7.758658908230775,4.15,0.9450000000000002
-6.168493508731618,-7.800783908230784,4.15,0.9450000000000002
-6.168493508731618,-7.840658908230775,4.15,0.9450000000000002
-6.168493508731618,-7.879033908230781,4.15,0.9450000000000002
-6.168493508731618,-7.9166589082307794,4.15,0.9450000000000002
-6.168493508731618,-7.954283908230778,4.15,0.9450000000000002
-6.168493508731618,-7.99265890823078,4.15,0.9450000000000002
-6.168493508731618,-8.032533908230775,4.15,0.9450000000000002
-6.168493508731618,-8.074658908230784,4.15,0.9450000000000002
-6.168493508731618,-8.11978390823078,4.15,0.9450000000000002
-6.168493508731618,-8.168658908230778,4.15,0.9450000000000002
-6.168493508731619,-8.222033908230781,4.1450000000000005,0.9500000000000001
-6.168493508731618,-8.280658908230777,4.15,0.9450000000000002
-6.168493508731618,-8.345283908230787,4.15,0.9450000000000002
-6.168493508731618,-8.41665890823078,4.1450000000000005,0.9450000000000002
-6.168493508731619,-8.48803390823078,4.1450000000000005,0.9500000000000001
-6.168493508731618,-8.552658908230782,4.15,0.9450000000000002
-6.168493508731619,-8.611283908230778,4.1450000000000005,0.9500000000000001
-6.168493508731618,-8.664658908230784,4.15,0.9450000000000002
-6.168493508731618,-8.71353390823078,4.15,0.9450000000000002
-6.168493508731618,-8.758658908230778,4.15,0.9450000000000002
-6.168493508731618,-8.80078390823078,4.15,0.9450000000000002
-6.168493508731618,-8.840658908230782,4.1450000000000005,0.9450000000000002
-6.168493508731618,-8.879033908230785,4.15,0.9450000000000002
-6.168493508731618,-8.91665890823078,4.15,0.9450000000000002
-6.168493508731618,-8.954283908230778,4.15,0.9450000000000002
-6.168493508731618,-8.992658908230784,4.15,0.9450000000000002
-6.168493508731618,-9.032533908230779,4.15,0.9450000000000002
-6.168493508731618,-9.074658908230784,4.15,0.9450000000000002
-6.168493508731618,-9.11978390823078,4.15,0.9450000000000002
-6.168493508731618,-9.168658908230778,4.15,0.9450000000000002
-6.168493508731619,-9.222033908230781,4.1450000000000005,0.9500000000000001
-6.168493508731618,-9.280658908230777,4.15,0.9450000000000002
-6.168493508731618,-9.345283908230787,4.15,0.9450000000000002
-6.168493508731618,-9.41665890823078,4.15,0.9450000000000002
-6.168493508731619,-9.488033908230776,4.1450000000000005,0.9500000000000001
-6.168493508731618,-9.552658908230782,4.15,0.9450000000000002
-6.168493508731619,-9.611283908230778,4.1450000000000005,0.9500000000000001
-6.168493508731618,-9.664658908230784,4.15,0.9450000000000002
-6.168493508731618,-9.71353390823078,4.15,0.9450000000000002
-6.168493508731618,-9.758658908230778,4.15,0.9450000000000002
-6.168493508731618,-9.80078390823078,4.15,0.9450000000000002
-6.168493508731618,-9.840658908230779,4.15,0.9450000000000002
-6.168493508731618,-9.879033908230785,4.15,0.9450000000000002
-6.168493508731618,-9.91665890823078,4.15,0.9450000000000002
-6.168493508731618,-9.954283908230781,4.15,0.9450000000000002
-6.168493508731618,-9.992658908230784,4.15,0.9450000000000002
-6.168493508731618,-10.032533908230779,4.15,0.9450000000000002
-6.168493508731618,-10.074658908230784,4.15,0.9450000000000002
-6.168493508731618,-10.11978390823078,4.15,0.9450000000000002
-6.168493508731618,-10.168658908230778,4.15,0.9450000000000002
-6.168493508731619,-10.222033908230777,4.1450000000000005,0.9500000000000001
-6.168493508731618,-10.28065890823078,4.15,0.9450000000000002
-6.168493508731618,-10.345283908230787,4.15,0.9450000000000002
-6.168493508731618,-10.41665890823078,4.15,0.9450000000000002
-6.168493508731619,-10.488033908230776,4.1450000000000005,0.9500000000000001
-6.168493508731618,-10.552658908230779,4.15,0.9450000000000002
-6.168493508731619,-10.611283908230778,4.1450000000000005,0.9500000000000001
-6.168493508731618,-10.66465890823078,4.15,0.9450000000000002
-6.168493508731618,-10.71353390823078,4.15,0.9450000000000002
-6.168493508731618,-10.758658908230775,4.15,0.9450000000000002
-6.168493508731618,-10.80078390823078,4.15,0.9450000000000002
-6.168493508731618,-10.840658908230782,4.1450000000000005,0.9450000000000002
-6.168493508731618,-10.879033908230785,4.15,0.9450000000000002
-6.168493508731618,-10.91665890823078,4.15,0.9450000000000002
-6.168493508731618,-10.954283908230778,4.15,0.9450000000000002
-6.168493508731618,-10.992658908230784,4.15,0.9450000000000002
-6.168493508731618,-11.032533908230779,4.15,0.9450000000000002
-6.168493508731618,-11.074658908230784,4.15,0.9450000000000002
-6.168493508731618,-11.11978390823078,4.15,0.9450000000000002
-6.168493508731618,-11.168658908230778,4.15,0.9450000000000002
-6.168493508731619,-11.222033908230777,4.1450000000000005,0.9500000000000001
-6.168493508731618,-11.28065890823078,4.15,0.9450000000000002
-6.168493508731618,-11.345283908230787,4.15,0.9450000000000002
-6.168493508731618,-11.41665890823078,4.15,0.9450000000000002
-6.168493508731619,-11.488033908230776,4.1450000000000005,0.9500000000000001
-6.168493508731618,-11.552658908230782,4.15,0.9450000000000002
-6.168493508731619,-11.61128390823078,4.1450000000000005,0.9500000000000001
-6.168493508731618,-11.664658908230784,4.15,0.9450000000000002
-6.168493508731618,-11.71353390823078,4.15,0.9450000000000002
-6.168493508731618,-11.758658908230778,4.15,0.9450000000000002
-6.168493508731618,-11.80078390823078,4.15,0.9450000000000002
-6.168493508731618,-11.84065890823078,4.15,0.9450000000000002
-6.168493508731618,-11.879033908230783,4.15,0.9450000000000002
-6.168493508731618,-11.91665890823078,4.15,0.9450000000000002
-6.168493508731618,-11.954283908230778,4.15,0.9450000000000002
-6.168493508731618,-11.992658908230782,4.15,0.9450000000000002
-6.168493508731618,-12.03253390823078,4.15,0.9450000000000002
-6.168493508731618,-12.07465890823078,4.15,0.9450000000000002
-6.168493508731618,-12.11978390823078,4.15,0.9450000000000002
-6.168493508731618,-12.168658908230778,4.15,0.9450000000000002
-6.168493508731619,-12.222033908230777,4.1450000000000005,0.9500000000000001
-6.168493508731618,-12.280658908230777,4.15,0.9450000000000002
-6.168493508731618,-12.345283908230783,4.15,0.9450000000000002
-6.168493508731618,-12.41665890823078,4.1450000000000005,0.9450000000000002
-6.168493508731619,-12.488033908230776,4.1450000000000005,0.9500000000000001
-6.168493508731618,-12.552658908230782,4.15,0.9450000000000002
-6.168493508731619,-12.611283908230776,4.1450000000000005,0.9500000000000001
-6.168493508731618,-12.664658908230784,4.15,0.9450000000000002
-6.168493508731618,-12.71353390823078,4.15,0.9450000000000002
-6.168493508731618,-12.758658908230776,4.15,0.9450000000000002
-6.168493508731618,-12.800783908230784,4.15,0.9450000000000002
-6.168493508731618,-12.84065890823078,4.15,0.9450000000000002
-6.168493508731618,-12.879033908230783,4.15,0.9450000000000002
-6.168493508731618,-12.91665890823078,4.15,0.9450000000000002
-6.168493508731618,-12.95428390823078,4.15,0.9450000000000002
-6.168493508731618,-12.992658908230782,4.15,0.9450000000000002
-6.168493508731618,-13.03253390823078,4.15,0.9450000000000002
-6.168493508731618,-13.07465890823078,4.15,0.9450000000000002
-6.168493508731618,-13.11978390823078,4.15,0.9450000000000002
-6.168493508731618,-13.168658908230778,4.15,0.9450000000000002
-6.168493508731619,-13.222033908230777,4.1450000000000005,0.9500000000000001
-6.168493508731618,-13.280658908230777,4.15,0.9450000000000002
-6.168493508731618,-13.345283908230785,4.15,0.9450000000000002
-6.168493508731618,-13.41665890823078,4.15,0.9450000000000002
-6.168493508731619,-13.488033908230776,4.1450000000000005,0.9500000000000001
-6.168493508731618,-13.552658908230782,4.15,0.9450000000000002
-6.168493508731619,-13.61128390823078,4.1450000000000005,0.9500000000000001
-6.168493508731618,-13.664658908230782,4.15,0.9450000000000002
-6.168493508731618,-13.71353390823078,4.15,0.9450000000000002
-6.168493508731618,-13.758658908230776,4.15,0.9450000000000002
-6.168493508731618,-13.80078390823078,4.15,0.9450000000000002
-6.168493508731618,-13.84065890823078,4.15,0.9450000000000002
-6.168493508731618,-13.879033908230783,4.15,0.9450000000000002
-6.168493508731618,-13.91665890823078,4.15,0.9450000000000002
-6.168493508731618,-13.95428390823078,4.15,0.9450000000000002
-6.168493508731618,-13.992658908230785,4.15,0.9450000000000002
-6.168493508731618,-14.032533908230777,4.15,0.9450000000000002
-6.168493508731618,-14.07465890823078,4.15,0.9450000000000002
-6.168493508731618,-14.11978390823078,4.15,0.9450000000000002
-6.168493508731618,-14.168658908230778,4.15,0.9450000000000002
-6.168493508731619,-14.222033908230777,4.1450000000000005,0.9500000000000001
-6.168493508731618,-14.280658908230778,4.15,0.9450000000000002
-6.168493508731618,-14.345283908230783,4.15,0.9450000000000002
-6.168493508731618,-14.41665890823078,4.1450000000000005,0.9450000000000002
-6.168493508731619,-14.488033908230776,4.1450000000000005,0.9500000000000001
-6.168493508731618,-14.552658908230784,4.15,0.9450000000000002
-6.168493508731619,-14.611283908230774,4.1450000000000005,0.9500000000000001
-6.168493508731618,-14.664658908230784,4.15,0.9450000000000002
-6.168493508731618,-14.71353390823078,4.15,0.9450000000000002
-6.168493508731618,-14.758658908230776,4.15,0.9450000000000002
-6.168493508731618,-14.80078390823078,4.15,0.9450000000000002
-6.168493508731618,-14.840658908230779,4.15,0.9450000000000002
-6.168493508731618,-14.879033908230783,4.15,0.9450000000000002
-6.168493508731618,-14.91665890823078,4.15,0.9450000000000002
-6.168493508731618,-14.954283908230778,4.15,0.9450000000000002
-6.168493508731618,-14.992658908230782,4.15,0.9450000000000002
-6.168493508731618,-15.03253390823078,4.15,0.9450000000000002
-6.168493508731618,-15.074658908230784,4.15,0.9450000000000002
-6.168493508731618,-15.11978390823078,4.15,0.9450000000000002
-6.168493508731618,-15.168658908230778,4.15,0.9450000000000002
-6.168493508731619,-15.222033908230777,4.1450000000000005,0.9500000000000001
-6.168493508731618,-15.280658908230778,4.15,0.9450000000000002
-6.168493508731618,-15.345283908230783,4.15,0.9450000000000002
-6.168493508731618,-15.41665890823078,4.1450000000000005,0.9450000000000002
-6.168493508731619,-15.488033908230776,4.1450000000000005,0.9500000000000001
-6.168493508731618,-15.552658908230782,4.15,0.9450000000000002
-6.168493508731619,-15.61128390823078,4.1450000000000005,0.9500000000000001
-6.168493508731618,-15.664658908230788,4.15,0.9450000000000002
-6.168493508731618,-15.71353390823078,4.15,0.9450000000000002
-6.168493508731618,-15.758658908230776,4.15,0.9450000000000002
-6.168493508731618,-15.80078390823078,4.15,0.9450000000000002
-6.168493508731618,-15.840658908230779,4.15,0.9450000000000002
-6.168493508731618,-15.879033908230783,4.15,0.9450000000000002
-6.168493508731618,-15.91665890823078,4.15,0.9450000000000002
-6.168493508731618,-15.95428390823078,4.15,0.9450000000000002
-6.168493508731618,-15.992658908230782,4.15,0.9450000000000002
-6.168493508731618,-16.032533908230782,4.15,0.9450000000000002
-6.168493508731618,-16.074658908230784,4.15,0.9450000000000002
-6.168493508731618,-16.11978390823078,4.15,0.9450000000000002
-6.168493508731618,-16.16865890823078,4.15,0.9450000000000002
-6.168493508731619,-16.222033908230785,4.1450000000000005,0.9500000000000001
-6.168493508731618,-16.280658908230777,4.15,0.9450000000000002
-6.168493508731618,-16.345283908230783,4.15,0.9450000000000002
-6.168493508731618,-16.41665890823078,4.1450000000000005,0.9450000000000002
-6.168493508731619,-16.488033908230772,4.1450000000000005,0.9500000000000001
-6.168493508731618,-16.552658908230775,4.15,0.9450000000000002
-6.168493508731618,-16.61128390823079,4.15,0.9450000000000002
-6.168493508731618,-16.664658908230784,4.15,0.9450000000000002
-6.168493508731618,-16.71353390823078,4.15,0.9450000000000002
-6.168493508731618,-16.758658908230778,4.15,0.9450000000000002
-6.168493508731618,-16.800783908230777,4.15,0.9450000000000002
-6.168493508731618,-16.840658908230786,4.15,0.9450000000000002
-6.168493508731618,-16.879033908230788,4.1450000000000005,0.9450000000000002
-6.168493508731618,-16.91665890823078,4.15,0.9450000000000002
-6.168493508731618,-16.954283908230778,4.15,0.9450000000000002
-6.168493508731618,-16.992658908230773,4.1450000000000005,0.9450000000000002
-6.168493508731618,-17.032533908230786,4.15,0.9450000000000002
-6.168493508731618,-17.074658908230784,4.15,0.9450000000000002
-6.168493508731618,-17.11978390823078,4.15,0.9450000000000002
-6.168493508731618,-17.168658908230775,4.15,0.9450000000000002
-6.168493508731618,-17.22203390823077,4.15,0.9450000000000002
-6.168493508731618,-17.280658908230787,4.15,0.9450000000000002
-6.168493508731618,-17.345283908230783,4.15,0.9450000000000002
-6.168493508731618,-17.41665890823078,4.1450000000000005,0.9450000000000002
-6.168493508731619,-17.488033908230776,4.1450000000000005,0.9500000000000001
-6.168493508731618,-17.552658908230775,4.15,0.9450000000000002
-6.168493508731618,-17.61128390823079,4.15,0.9450000000000002
-6.168493508731618,-17.664658908230784,4.15,0.9450000000000002
-6.168493508731618,-17.71353390823078,4.15,0.9450000000000002
-6.168493508731618,-17.758658908230778,4.15,0.9450000000000002
-6.168493508731618,-17.800783908230777,4.15,0.9450000000000002
-6.168493508731618,-17.840658908230786,4.15,0.9450000000000002
-6.168493508731618,-17.87903390823078,4.1450000000000005,0.9450000000000002
-6.168493508731618,-17.91665890823078,4.15,0.9450000000000002
-6.168493508731618,-17.954283908230778,4.15,0.9450000000000002
-6.168493508731618,-17.992658908230776,4.1450000000000005,0.9450000000000002
-6.168493508731618,-18.032533908230782,4.15,0.9450000000000002
-6.168493508731618,-18.07465890823078,4.15,0.9450000000000002
-6.168493508731618,-18.11978390823078,4.15,0.9450000000000002
-6.168493508731618,-18.16865890823078,4.15,0.9450000000000002
-6.168493508731618,-18.222033908230777,4.15,0.9450000000000002
-6.168493508731618,-18.28065890823079,4.15,0.9450000000000002
-6.168493508731618,-18.345283908230783,4.15,0.9450000000000002
-6.286468508731618,-18.954283908230778,4.045000000000001,1.2700000000000002
-5.676493508731621,-19.824808908230775,5.710000000000001,1.04
-5.634368508731625,-19.884390158230772,5.7250000000000005,1.0550000000000002
-5.594493508731614,-19.941458908230786,5.765000000000001,1.0650000000000002
-5.556118508731617,-19.995977658230785,5.8500000000000005,1.08
-5.518493508731619,-20.04790890823078,5.98,1.0550000000000002
-5.480868508731621,-20.097215158230775,6.170000000000001,1.0950000000000002
-5.442493508731623,-20.14385890823078,6.305000000000001,1.0850000000000002
-5.402618508731615,-20.187802658230787,6.265000000000001,1.0850000000000002
-4.882493508731624,-20.45730890823078,5.690000000000001,1.03
-4.823868508731612,-20.474540158230784,5.665000000000001,0.9950000000000001
-4.770493508731614,-20.48985890823078,5.635000000000001,0.9550000000000001
-4.721618508731619,-20.503377658230782,5.605,0.9700000000000002
-4.676493508731621,-20.515208908230782,5.57,0.925
-4.634368508731624,-20.52546515823078,5.530000000000001,0.9300000000000002
-4.594493508731615,-20.53425890823078,5.495000000000001,0.885
-4.556118508731616,-20.541702658230783,5.460000000000001,0.885
-4.518493508731619,-20.54790890823078,5.425000000000001,0.8900000000000001
-4.4808685087316205,-20.55299015823078,5.4,0.8900000000000001
-4.442493508731624,-20.55705890823078,5.380000000000001,0.8900000000000001
-4.4026185087316145,-20.56022765823078,5.365000000000001,0.8950000000000001
-4.360493508731616,-20.56260890823078,5.355,0.8950000000000001
-4.315368508731619,-20.56431515823078,5.3500000000000005,0.8950000000000001
-4.266493508731622,-20.56545890823078,5.3500000000000005,0.8950000000000001
-4.213118508731624,-20.566152658230784,5.3500000000000005,0.8950000000000001
-4.154493508731612,-20.566508908230784,5.3500000000000005,0.8950000000000001
-4.089868508731615,-20.566640158230783,5.3500000000000005,0.8950000000000001
-4.018493508731619,-20.56665890823078,5.3500000000000005,0.9
-3.9471185087316236,-20.56665890823078,5.345000000000001,0.9
-3.882493508731624,-20.566658908230785,5.345000000000001,0.9
-3.8238685087316107,-20.56665890823078,5.345000000000001,0.9
-3.770493508731615,-20.56665890823078,5.345000000000001,0.9
-3.721618508731619,-20.56665890823078,5.345000000000001,0.9
-3.676493508731621,-20.56665890823078,5.345000000000001,0.9
-3.634368508731624,-20.56665890823078,5.345000000000001,0.9
-3.594493508731615,-20.566658908230774,5.3500000000000005,0.8950000000000001
-3.5561185087316156,-20.56665890823078,5.345000000000001,0.9
-3.518493508731619,-20.56665890823078,5.345000000000001,0.9
-3.4808685087316205,-20.56665890823078,5.345000000000001,0.9
-3.442493508731623,-20.56665890823078,5.345000000000001,0.9
-3.4026185087316154,-20.56665890823078,5.345000000000001,0.9
-3.360493508731617,-20.56665890823078,5.345000000000001,0.9
-3.315368508731618,-20.56665890823078,5.345000000000001,0.9
-3.266493508731621,-20.56665890823078,5.345000000000001,0.9
-3.2131185087316236,-20.566658908230785,5.345000000000001,0.9
-3.154493508731612,-20.56665890823078,5.345000000000001,0.9
-3.0898685087316142,-20.56665890823078,5.345000000000001,0.9
-3.018493508731618,-20.56665890823078,5.345000000000001,0.9
-2.947118508731622,-20.56665890823078,5.345000000000001,0.9
-2.882493508731626,-20.566658908230785,5.345000000000001,0.9
-2.8238685087316107,-20.56665890823078,5.345000000000001,0.9
-2.770493508731615,-20.56665890823078,5.345000000000001,0.9
-2.721618508731618,-20.56665890823078,5.345000000000001,0.9
-2.676493508731621,-20.56665890823078,5.345000000000001,0.9
-2.634368508731624,-20.56665890823078,5.345000000000001,0.9
-2.594493508731613,-20.566658908230774,5.3500000000000005,0.8950000000000001
-2.5561185087316165,-20.56665890823078,5.345000000000001,0.9
-2.518493508731618,-20.56665890823078,5.345000000000001,0.9
-2.4808685087316213,-20.56665890823078,5.345000000000001,0.9
-2.4424935087316246,-20.56665890823078,5.345000000000001,0.9
-2.4026185087316136,-20.56665890823078,5.345000000000001,0.9
-2.360493508731617,-20.56665890823078,5.345000000000001,0.9
-2.315368508731618,-20.56665890823078,5.345000000000001,0.9
-2.266493508731621,-20.56665890823078,5.345000000000001,0.9
-2.2131185087316236,-20.566658908230785,5.345000000000001,0.9
-2.154493508731612,-20.56665890823078,5.345000000000001,0.9
-2.089868508731616,-20.56665890823078,5.345000000000001,0.9
-2.018493508731618,-20.56665890823078,5.345000000000001,0.9
-1.9471185087316218,-20.56665890823078,5.345000000000001,0.9
-1.8824935087316241,-20.566658908230785,5.345000000000001,0.9
-1.8238685087316124,-20.56665890823078,5.345000000000001,0.9
-1.7704935087316152,-20.56665890823078,5.345000000000001,0.9
-1.721618508731618,-20.56665890823078,5.345000000000001,0.9
-1.676493508731621,-20.56665890823078,5.345000000000001,0.9
-1.6343685087316242,-20.56665890823078,5.345000000000001,0.9
-1.5944935087316168,-20.566658908230774,5.3500000000000005,0.8950000000000001
-1.5561185087316165,-20.56665890823078,5.345000000000001,0.9
-1.518493508731618,-20.56665890823078,5.345000000000001,0.9
-1.4808685087316196,-20.56665890823078,5.345000000000001,0.9
-1.4424935087316229,-20.56665890823078,5.345000000000001,0.9
-1.4026185087316136,-20.56665890823078,5.345000000000001,0.9
-1.360493508731615,-20.56665890823078,5.345000000000001,0.9
-1.315368508731618,-20.56665890823078,5.345000000000001,0.9
-1.266493508731621,-20.56665890823078,5.345000000000001,0.9
-1.2131185087316254,-20.566658908230785,5.345000000000001,0.9
-1.154493508731612,-20.56665890823078,5.345000000000001,0.9
-1.0898685087316142,-20.56665890823078,5.345000000000001,0.9
-1.018493508731618,-20.56665890823078,5.3500000000000005,0.9
